"Timestamp","Type","Value"
"2017-01-08 15:31:00","Sleep Hours","6.40"
"2017-01-08 15:31:00","Time In Light Sleep","5.86666666666667"
"2017-01-08 15:31:00","Number Times Woken","0"
"2017-01-08 15:31:00","Time In Deep Sleep","0.533333333333333"
"2017-01-09 07:40:00","Pulse","51"
"2017-01-09 07:40:00","HRV","10.6"
"2017-01-10 07:50:00","Pulse","45"
"2017-01-10 07:50:00","HRV","9.6"
"2017-01-10 14:49:00","Time In Light Sleep","6"
"2017-01-10 14:49:00","Sleep Hours","8.10"
"2017-01-10 14:49:00","Time In Deep Sleep","2.1"
"2017-01-10 14:49:00","Number Times Woken","0"
"2017-01-11 07:41:00","Pulse","50"
"2017-01-11 07:41:00","HRV","9.3"
"2017-01-11 14:50:00","Time Awake","0.233333333333333"
"2017-01-11 14:50:00","Time In Light Sleep","5.48333333333333"
"2017-01-11 14:50:00","Sleep Hours","7.68"
"2017-01-11 14:50:00","Time In Deep Sleep","2.2"
"2017-01-11 14:50:00","Number Times Woken","0"
"2017-01-12 14:12:00","Time In Deep Sleep","1.51666666666667"
"2017-01-12 14:12:00","Number Times Woken","0"
"2017-01-12 14:12:00","Sleep Hours","8.12"
"2017-01-12 14:12:00","Time Awake","0.166666666666667"
"2017-01-12 14:12:00","Time In Light Sleep","6.6"
"2017-01-13 07:17:00","HRV","9.9"
"2017-01-13 07:17:00","Pulse","47"
"2017-01-13 14:13:00","Time In Light Sleep","6.11666666666667"
"2017-01-13 14:13:00","Sleep Hours","7.88"
"2017-01-13 14:13:00","Number Times Woken","0"
"2017-01-13 14:13:00","Time In Deep Sleep","1.76666666666667"
"2017-01-14 07:57:00","HRV","9.7"
"2017-01-14 07:57:00","Pulse","51"
"2017-01-14 14:50:00","Time Awake","0.216666666666667"
"2017-01-14 14:50:00","Time In Light Sleep","6.93333333333333"
"2017-01-14 14:50:00","Sleep Hours","8.57"
"2017-01-14 14:50:00","Time In Deep Sleep","1.63333333333333"
"2017-01-14 14:50:00","Number Times Woken","0"
"2017-01-14 22:23:00","HRV","9"
"2017-01-14 22:23:00","Pulse","69"
"2017-01-15 08:55:00","Pulse","56"
"2017-01-15 08:55:00","HRV","8.9"
"2017-01-15 15:39:00","Time In Light Sleep","5.2"
"2017-01-15 15:39:00","Sleep Hours","8.37"
"2017-01-15 15:39:00","Time In Deep Sleep","3.16666666666667"
"2017-01-15 15:39:00","Number Times Woken","0"
"2017-01-16 07:46:00","HRV","8.5"
"2017-01-16 07:46:00","Pulse","54"
"2017-01-16 15:05:00","Sleep Hours","7.37"
"2017-01-16 15:05:00","Time In Light Sleep","6.1"
"2017-01-16 15:05:00","Time Awake","0.0833333333333333"
"2017-01-16 15:05:00","Time In Deep Sleep","1.26666666666667"
"2017-01-16 15:05:00","Number Times Woken","0"
"2017-01-17 07:52:00","Pulse","50"
"2017-01-17 07:52:00","HRV","10"
"2017-01-17 15:02:00","Time Awake","0.0833333333333333"
"2017-01-17 15:02:00","Sleep Hours","7.55"
"2017-01-17 15:02:00","Time In Light Sleep","6.41666666666667"
"2017-01-17 15:02:00","Time In Deep Sleep","1.13333333333333"
"2017-01-17 15:02:00","Number Times Woken","0"
"2017-01-18 07:36:00","HRV","9.2"
"2017-01-18 07:36:00","Pulse","51"
"2017-01-18 14:46:00","Sleep Hours","7.48"
"2017-01-18 14:46:00","Time In Light Sleep","6.06666666666667"
"2017-01-18 14:46:00","Time Awake","0.1"
"2017-01-18 14:46:00","Number Times Woken","0"
"2017-01-18 14:46:00","Time In Deep Sleep","1.41666666666667"
"2017-01-19 10:03:00","Pulse","48"
"2017-01-19 10:03:00","HRV","9.6"
"2017-01-19 18:00:00","Time Awake","0.0833333333333333"
"2017-01-19 18:00:00","Sleep Hours","8.42"
"2017-01-19 18:00:00","Time In Light Sleep","6.2"
"2017-01-19 18:00:00","Number Times Woken","0"
"2017-01-19 18:00:00","Time In Deep Sleep","2.21666666666667"
"2017-01-20 08:40:00","HRV","9.5"
"2017-01-20 08:40:00","Pulse","51"
"2017-01-20 16:33:00","Sleep Hours","9.37"
"2017-01-20 16:33:00","Time In Light Sleep","2.71666666666667"
"2017-01-20 16:33:00","Time Awake","0.166666666666667"
"2017-01-20 16:33:00","Number Times Woken","0"
"2017-01-20 16:33:00","Time In Deep Sleep","6.65"
"2017-01-21 16:13:00","Time In Deep Sleep","1.16666666666667"
"2017-01-21 16:13:00","Number Times Woken","0"
"2017-01-21 16:13:00","Sleep Hours","9.18"
"2017-01-21 16:13:00","Time Awake","0.316666666666667"
"2017-01-21 16:13:00","Time In Light Sleep","8.01666666666667"
"2017-01-22 08:42:00","HRV","7.8"
"2017-01-22 08:42:00","Pulse","54"
"2017-01-22 16:57:00","Time In Light Sleep","7.23333333333333"
"2017-01-22 16:57:00","Sleep Hours","8.40"
"2017-01-22 16:57:00","Number Times Woken","0"
"2017-01-22 16:57:00","Time In Deep Sleep","1.16666666666667"
"2017-01-23 08:14:00","Pulse","48"
"2017-01-23 08:14:00","HRV","9.7"
"2017-01-23 15:04:00","Time In Light Sleep","4.91666666666667"
"2017-01-23 15:04:00","Sleep Hours","6.00"
"2017-01-23 15:04:00","Number Times Woken","0"
"2017-01-23 15:04:00","Time In Deep Sleep","1.08333333333333"
"2017-01-24 08:28:00","Pulse","50"
"2017-01-24 08:28:00","HRV","9.3"
"2017-01-24 15:17:00","Time In Light Sleep","7.2"
"2017-01-24 15:17:00","Sleep Hours","8.53"
"2017-01-24 15:17:00","Time Awake","0.15"
"2017-01-24 15:17:00","Number Times Woken","0"
"2017-01-24 15:17:00","Time In Deep Sleep","1.33333333333333"
"2017-01-25 14:05:00","Number Times Woken","0"
"2017-01-25 14:05:00","Time In Deep Sleep","2.55"
"2017-01-25 14:05:00","Time Awake","0.133333333333333"
"2017-01-25 14:05:00","Time In Light Sleep","3.16666666666667"
"2017-01-25 14:05:00","Sleep Hours","5.72"
"2017-01-26 15:12:00","Time In Light Sleep","7.43333333333333"
"2017-01-26 15:12:00","Sleep Hours","8.63"
"2017-01-26 15:12:00","Time Awake","0.166666666666667"
"2017-01-26 15:12:00","Time In Deep Sleep","1.2"
"2017-01-26 15:12:00","Number Times Woken","0"
"2017-01-27 07:58:00","Pulse","48"
"2017-01-27 07:58:00","HRV","10"
"2017-01-27 15:18:00","Time In Light Sleep","5.53333333333333"
"2017-01-27 15:18:00","Sleep Hours","6.93"
"2017-01-27 15:18:00","Time In Deep Sleep","1.4"
"2017-01-27 15:18:00","Number Times Woken","0"
"2017-01-28 09:39:00","HRV","10"
"2017-01-28 09:39:00","Pulse","52"
"2017-01-28 16:32:00","Sleep Hours","7.35"
"2017-01-28 16:32:00","Time In Light Sleep","5.98333333333333"
"2017-01-28 16:32:00","Number Times Woken","0"
"2017-01-28 16:32:00","Time In Deep Sleep","1.36666666666667"
"2017-01-29 16:06:00","Time In Deep Sleep","3.46666666666667"
"2017-01-29 16:06:00","Number Times Woken","0"
"2017-01-29 16:06:00","Time Awake","0.166666666666667"
"2017-01-29 16:06:00","Sleep Hours","8.10"
"2017-01-29 16:06:00","Time In Light Sleep","4.63333333333333"
"2017-01-30 07:49:00","HRV","8.3"
"2017-01-30 07:49:00","Pulse","56"
"2017-01-30 14:48:00","Sleep Hours","10.05"
"2017-01-30 14:48:00","Time In Light Sleep","7.46666666666667"
"2017-01-30 14:48:00","Time Awake","0.283333333333333"
"2017-01-30 14:48:00","Time In Deep Sleep","2.58333333333333"
"2017-01-30 14:48:00","Number Times Woken","0"
"2017-01-31 08:22:00","Pulse","57"
"2017-01-31 08:22:00","HRV","8.5"
"2017-01-31 15:32:00","Time In Light Sleep","3.03333333333333"
"2017-01-31 15:32:00","Sleep Hours","6.60"
"2017-01-31 15:32:00","Time Awake","0.0833333333333333"
"2017-01-31 15:32:00","Number Times Woken","0"
"2017-01-31 15:32:00","Time In Deep Sleep","3.56666666666667"
"2017-02-01 07:57:00","HRV","10"
"2017-02-01 07:57:00","Pulse","52"
"2017-02-01 15:06:00","Sleep Hours","7.88"
"2017-02-01 15:06:00","Time Awake","0.35"
"2017-02-01 15:06:00","Time In Light Sleep","6.5"
"2017-02-01 15:06:00","Time In Deep Sleep","1.38333333333333"
"2017-02-01 15:06:00","Number Times Woken","0"
"2017-02-02 07:33:00","Pulse","47"
"2017-02-02 07:33:00","HRV","9.8"
"2017-02-02 14:46:00","Time In Light Sleep","5.61666666666667"
"2017-02-02 14:46:00","Time Awake","0.05"
"2017-02-02 14:46:00","Sleep Hours","8.07"
"2017-02-02 14:46:00","Time In Deep Sleep","2.45"
"2017-02-02 14:46:00","Number Times Woken","0"
"2017-02-03 07:48:00","HRV","8.9"
"2017-02-03 07:48:00","Pulse","53"
"2017-02-03 14:41:00","Time In Light Sleep","5.21666666666667"
"2017-02-03 14:41:00","Sleep Hours","6.92"
"2017-02-03 14:41:00","Time Awake","0.116666666666667"
"2017-02-03 14:41:00","Time In Deep Sleep","1.7"
"2017-02-03 14:41:00","Number Times Woken","0"
"2017-02-04 09:51:00","HRV","8.9"
"2017-02-04 09:51:00","Pulse","52"
"2017-02-04 16:01:00","Sleep Hours","8.07"
"2017-02-04 16:01:00","Time Awake","0.0833333333333333"
"2017-02-04 16:01:00","Time In Light Sleep","5.53333333333333"
"2017-02-04 16:01:00","Time In Deep Sleep","2.53333333333333"
"2017-02-04 16:01:00","Number Times Woken","0"
"2017-02-05 08:00:00","Pulse","46"
"2017-02-05 08:00:00","HRV","9.6"
"2017-02-05 15:07:00","Sleep Hours","8.18"
"2017-02-05 15:07:00","Time In Light Sleep","6.05"
"2017-02-05 15:07:00","Time Awake","0.15"
"2017-02-05 15:07:00","Number Times Woken","0"
"2017-02-05 15:07:00","Time In Deep Sleep","2.13333333333333"
"2017-02-06 00:00:00","Weight Pounds","186.00"
"2017-02-06 07:35:00","HRV","8.7"
"2017-02-06 07:35:00","Pulse","53"
"2017-02-06 14:32:00","Sleep Hours","8.25"
"2017-02-06 14:32:00","Time Awake","0.166666666666667"
"2017-02-06 14:32:00","Time In Light Sleep","6.35"
"2017-02-06 14:32:00","Time In Deep Sleep","1.9"
"2017-02-06 14:32:00","Number Times Woken","0"
"2017-02-07 07:38:00","Pulse","46"
"2017-02-07 07:38:00","HRV","10"
"2017-02-07 14:37:00","Time Awake","0.0833333333333333"
"2017-02-07 14:37:00","Sleep Hours","8.27"
"2017-02-07 14:37:00","Time In Light Sleep","5.93333333333333"
"2017-02-07 14:37:00","Time In Deep Sleep","2.33333333333333"
"2017-02-07 14:37:00","Number Times Woken","0"
"2017-02-08 07:11:00","Pulse","48"
"2017-02-08 07:11:00","HRV","10.7"
"2017-02-08 14:20:00","Time In Light Sleep","6.46666666666667"
"2017-02-08 14:20:00","Time Awake","0.166666666666667"
"2017-02-08 14:20:00","Sleep Hours","8.02"
"2017-02-08 14:20:00","Time In Deep Sleep","1.55"
"2017-02-08 14:20:00","Number Times Woken","0"
"2017-02-09 06:51:00","HRV","9.4"
"2017-02-09 06:51:00","Pulse","52"
"2017-02-09 14:28:00","Time Awake","0.233333333333333"
"2017-02-09 14:28:00","Time In Light Sleep","5.01666666666667"
"2017-02-09 14:28:00","Sleep Hours","7.98"
"2017-02-09 14:28:00","Number Times Woken","0"
"2017-02-09 14:28:00","Time In Deep Sleep","2.96666666666667"
"2017-02-10 06:56:00","Pulse","51"
"2017-02-10 06:56:00","HRV","10"
"2017-02-10 14:15:00","Sleep Hours","7.92"
"2017-02-10 14:15:00","Time In Light Sleep","5.93333333333333"
"2017-02-10 14:15:00","Number Times Woken","0"
"2017-02-10 14:15:00","Time In Deep Sleep","1.98333333333333"
"2017-02-11 08:20:00","HRV","10"
"2017-02-11 08:20:00","Pulse","51"
"2017-02-11 15:07:00","Time In Light Sleep","6.55"
"2017-02-11 15:07:00","Sleep Hours","8.65"
"2017-02-11 15:07:00","Time Awake","0.45"
"2017-02-11 15:07:00","Number Times Woken","0"
"2017-02-11 15:07:00","Time In Deep Sleep","2.1"
"2017-02-12 07:34:00","Pulse","49"
"2017-02-12 07:34:00","HRV","10"
"2017-02-12 14:55:00","Time In Light Sleep","7.15"
"2017-02-12 14:55:00","Time Awake","0.383333333333333"
"2017-02-12 14:55:00","Sleep Hours","9.08"
"2017-02-12 14:55:00","Time In Deep Sleep","1.93333333333333"
"2017-02-12 14:55:00","Number Times Woken","0"
"2017-02-13 07:16:00","Pulse","50"
"2017-02-13 07:16:00","HRV","10.1"
"2017-02-13 14:26:00","Time Awake","0.15"
"2017-02-13 14:26:00","Time In Light Sleep","7.48333333333333"
"2017-02-13 14:26:00","Sleep Hours","9.47"
"2017-02-13 14:26:00","Time In Deep Sleep","1.98333333333333"
"2017-02-13 14:26:00","Number Times Woken","0"
"2017-02-14 06:49:00","Weight Pounds","182.00"
"2017-02-14 06:49:00","HRV","10.4"
"2017-02-14 06:49:00","Pulse","42"
"2017-02-14 14:11:00","Time In Light Sleep","6.63333333333333"
"2017-02-14 14:11:00","Time Awake","0.233333333333333"
"2017-02-14 14:11:00","Sleep Hours","8.13"
"2017-02-14 14:11:00","Number Times Woken","0"
"2017-02-14 14:11:00","Time In Deep Sleep","1.5"
"2017-02-15 07:32:00","HRV","10.4"
"2017-02-15 07:32:00","Pulse","45"
"2017-02-15 14:18:00","Time In Light Sleep","5.53333333333333"
"2017-02-15 14:18:00","Sleep Hours","9.20"
"2017-02-15 14:18:00","Time Awake","0.0333333333333333"
"2017-02-15 14:18:00","Time In Deep Sleep","3.66666666666667"
"2017-02-15 14:18:00","Number Times Woken","0"
"2017-02-16 06:53:00","Pulse","45"
"2017-02-16 06:53:00","HRV","10.6"
"2017-02-16 14:04:00","Sleep Hours","8.90"
"2017-02-16 14:04:00","Time In Light Sleep","6.81666666666667"
"2017-02-16 14:04:00","Time Awake","0.2"
"2017-02-16 14:04:00","Number Times Woken","0"
"2017-02-16 14:04:00","Time In Deep Sleep","2.08333333333333"
"2017-02-17 07:22:00","Pulse","46"
"2017-02-17 07:22:00","HRV","10.5"
"2017-02-17 14:19:00","Time In Light Sleep","4.7"
"2017-02-17 14:19:00","Sleep Hours","7.82"
"2017-02-17 14:19:00","Time Awake","0.116666666666667"
"2017-02-17 14:19:00","Number Times Woken","0"
"2017-02-17 14:19:00","Time In Deep Sleep","3.11666666666667"
"2017-02-18 07:28:00","Pulse","46"
"2017-02-18 07:28:00","HRV","10.6"
"2017-02-18 14:50:00","Time Awake","0.05"
"2017-02-18 14:50:00","Sleep Hours","9.10"
"2017-02-18 14:50:00","Time In Light Sleep","7"
"2017-02-18 14:50:00","Number Times Woken","0"
"2017-02-18 14:50:00","Time In Deep Sleep","2.1"
"2017-02-19 07:08:00","HRV","10.6"
"2017-02-19 07:08:00","Pulse","43"
"2017-02-19 14:29:00","Time In Light Sleep","5.75"
"2017-02-19 14:29:00","Sleep Hours","7.13"
"2017-02-19 14:29:00","Time Awake","0.0833333333333333"
"2017-02-19 14:29:00","Number Times Woken","0"
"2017-02-19 14:29:00","Time In Deep Sleep","1.38333333333333"
"2017-02-20 08:12:00","Pulse","43"
"2017-02-20 08:12:00","HRV","10.2"
"2017-02-20 15:48:00","Sleep Hours","9.38"
"2017-02-20 15:48:00","Time Awake","0.283333333333333"
"2017-02-20 15:48:00","Time In Light Sleep","7.51666666666667"
"2017-02-20 15:48:00","Number Times Woken","0"
"2017-02-20 15:48:00","Time In Deep Sleep","1.86666666666667"
"2017-02-21 07:38:00","Pulse","43"
"2017-02-21 07:38:00","HRV","10.5"
"2017-02-21 14:52:00","Time Awake","0.183333333333333"
"2017-02-21 14:52:00","Sleep Hours","8.05"
"2017-02-21 14:52:00","Time In Light Sleep","4.91666666666667"
"2017-02-21 14:52:00","Number Times Woken","0"
"2017-02-21 14:52:00","Time In Deep Sleep","3.13333333333333"
"2017-02-23 06:54:00","Pulse","50"
"2017-02-23 06:54:00","HRV","9.6"
"2017-02-23 07:42:00","HRV","10.2"
"2017-02-23 07:42:00","Pulse","46"
"2017-02-23 07:58:00","HRV","9.8"
"2017-02-23 07:58:00","Pulse","44"
"2017-02-24 07:15:00","Pulse","50"
"2017-02-24 07:15:00","HRV","10.1"
"2017-02-24 14:13:00","Sleep Hours","7.63"
"2017-02-24 14:13:00","Time In Light Sleep","6.5"
"2017-02-24 14:13:00","Time Awake","0.133333333333333"
"2017-02-24 14:13:00","Number Times Woken","0"
"2017-02-24 14:13:00","Time In Deep Sleep","1.13333333333333"
"2017-02-25 08:27:00","HRV","10.7"
"2017-02-25 08:27:00","Pulse","44"
"2017-02-25 15:24:00","Time In Light Sleep","7.5"
"2017-02-25 15:24:00","Sleep Hours","9.77"
"2017-02-25 15:24:00","Time Awake","0.266666666666667"
"2017-02-25 15:24:00","Time In Deep Sleep","2.26666666666667"
"2017-02-25 15:24:00","Number Times Woken","0"
"2017-02-26 14:25:00","Time In Deep Sleep","1.45"
"2017-02-26 14:25:00","Number Times Woken","0"
"2017-02-26 14:25:00","Time Awake","0.1"
"2017-02-26 14:25:00","Sleep Hours","8.75"
"2017-02-26 14:25:00","Time In Light Sleep","7.3"
"2017-02-27 07:17:00","HRV","10.2"
"2017-02-27 07:17:00","Pulse","49"
"2017-02-27 14:07:00","Time Awake","0.416666666666667"
"2017-02-27 14:07:00","Sleep Hours","10.03"
"2017-02-27 14:07:00","Time In Light Sleep","7.78333333333333"
"2017-02-27 14:07:00","Number Times Woken","0"
"2017-02-27 14:07:00","Time In Deep Sleep","2.25"
"2017-02-28 06:54:00","Pulse","47"
"2017-02-28 06:54:00","HRV","9.2"
"2017-02-28 14:07:00","Time In Light Sleep","6.81666666666667"
"2017-02-28 14:07:00","Time Awake","0.2"
"2017-02-28 14:07:00","Sleep Hours","7.98"
"2017-02-28 14:07:00","Time In Deep Sleep","1.16666666666667"
"2017-02-28 14:07:00","Number Times Woken","0"
"2017-03-01 06:54:00","HRV","9.6"
"2017-03-01 06:54:00","Pulse","50"
"2017-03-01 06:54:00","Weight Pounds","184.20"
"2017-03-02 07:10:00","Weight Pounds","184.20"
"2017-03-02 07:10:00","HRV","9.7"
"2017-03-02 07:10:00","Pulse","50"
"2017-03-02 14:01:00","Time Awake","0.0666666666666667"
"2017-03-02 14:01:00","Sleep Hours","7.62"
"2017-03-02 14:01:00","Time In Light Sleep","4.71666666666667"
"2017-03-02 14:01:00","Number Times Woken","0"
"2017-03-02 14:01:00","Time In Deep Sleep","2.9"
"2017-03-03 07:11:00","Weight Pounds","184.20"
"2017-03-03 07:11:00","HRV","10.6"
"2017-03-03 07:11:00","Pulse","51"
"2017-03-04 08:44:00","Pulse","56"
"2017-03-04 08:44:00","HRV","9.9"
"2017-03-05 07:53:00","HRV","9"
"2017-03-05 07:53:00","Pulse","54"
"2017-03-06 08:05:00","HRV","9.5"
"2017-03-06 08:05:00","Pulse","53"
"2017-03-06 15:14:00","Time Awake","0.233333333333333"
"2017-03-06 15:14:00","Time In Light Sleep","7.35"
"2017-03-06 15:14:00","Sleep Hours","8.17"
"2017-03-06 15:14:00","Time In Deep Sleep","0.816666666666667"
"2017-03-06 15:14:00","Number Times Woken","0"
"2017-03-07 07:43:00","HRV","10.4"
"2017-03-07 07:43:00","Pulse","45"
"2017-03-07 14:33:00","Time In Light Sleep","9.45"
"2017-03-07 14:33:00","Sleep Hours","10.85"
"2017-03-07 14:33:00","Time Awake","0.5"
"2017-03-07 14:33:00","Number Times Woken","0"
"2017-03-07 14:33:00","Time In Deep Sleep","1.4"
"2017-03-08 07:32:00","Pulse","50"
"2017-03-08 07:32:00","HRV","10.4"
"2017-03-08 14:28:00","Time In Light Sleep","7.36666666666667"
"2017-03-08 14:28:00","Sleep Hours","8.90"
"2017-03-08 14:28:00","Time In Deep Sleep","1.53333333333333"
"2017-03-08 14:28:00","Number Times Woken","0"
"2017-03-09 07:39:00","HRV","9.7"
"2017-03-09 07:39:00","Pulse","52"
"2017-03-09 14:37:00","Time Awake","0.266666666666667"
"2017-03-09 14:37:00","Sleep Hours","7.30"
"2017-03-09 14:37:00","Time In Light Sleep","6.06666666666667"
"2017-03-09 14:37:00","Number Times Woken","0"
"2017-03-09 14:37:00","Time In Deep Sleep","1.23333333333333"
"2017-03-10 08:06:00","Pulse","48"
"2017-03-10 08:06:00","HRV","9.9"
"2017-03-10 15:04:00","Time Awake","0.2"
"2017-03-10 15:04:00","Time In Light Sleep","7.51666666666667"
"2017-03-10 15:04:00","Sleep Hours","8.83"
"2017-03-10 15:04:00","Time In Deep Sleep","1.31666666666667"
"2017-03-10 15:04:00","Number Times Woken","0"
"2017-03-11 09:12:00","Pulse","48"
"2017-03-11 09:12:00","HRV","9.9"
"2017-03-11 16:07:00","Time Awake","0.15"
"2017-03-11 16:07:00","Time In Light Sleep","7.71666666666667"
"2017-03-11 16:07:00","Sleep Hours","9.45"
"2017-03-11 16:07:00","Number Times Woken","0"
"2017-03-11 16:07:00","Time In Deep Sleep","1.73333333333333"
"2017-03-12 09:44:00","Pulse","56"
"2017-03-12 09:44:00","HRV","10.2"
"2017-03-12 15:32:00","Sleep Hours","9.08"
"2017-03-12 15:32:00","Time In Light Sleep","6.83333333333333"
"2017-03-12 15:32:00","Time Awake","0.0166666666666667"
"2017-03-12 15:32:00","Time In Deep Sleep","2.25"
"2017-03-12 15:32:00","Number Times Woken","0"
"2017-03-14 14:07:00","Number Times Woken","0"
"2017-03-14 14:07:00","Time In Light Sleep","5.5"
"2017-03-14 14:07:00","Sleep Hours","7.82"
"2017-03-14 14:07:00","Time Awake","0.933333333333333"
"2017-03-14 14:07:00","Time In Deep Sleep","2.31666666666667"
"2017-03-15 09:07:00","HRV","10.3"
"2017-03-15 09:07:00","Pulse","45"
"2017-03-15 15:01:00","Sleep Hours","9.33"
"2017-03-15 15:01:00","Time Awake","0.25"
"2017-03-15 15:01:00","Time In Light Sleep","8.46666666666667"
"2017-03-15 15:01:00","Number Times Woken","0"
"2017-03-15 15:01:00","Time In Deep Sleep","0.866666666666667"
"2017-03-16 09:46:00","Weight Pounds","182.00"
"2017-03-16 09:46:00","HRV","10"
"2017-03-16 09:46:00","Pulse","48"
"2017-03-16 15:37:00","Time In Light Sleep","7.85"
"2017-03-16 15:37:00","Sleep Hours","10.00"
"2017-03-16 15:37:00","Time Awake","0.583333333333333"
"2017-03-16 15:37:00","Time In Deep Sleep","2.15"
"2017-03-16 15:37:00","Number Times Woken","0"
"2017-03-17 09:25:00","Pulse","49"
"2017-03-17 09:25:00","HRV","10"
"2017-03-17 09:25:00","Weight Pounds","182.00"
"2017-03-17 15:38:00","Time In Deep Sleep","3.3"
"2017-03-17 15:38:00","Number Times Woken","0"
"2017-03-17 15:38:00","Time In Light Sleep","6.35"
"2017-03-17 15:38:00","Sleep Hours","9.65"
"2017-03-17 15:38:00","Time Awake","0.5"
"2017-03-18 09:03:00","Pulse","48"
"2017-03-18 09:03:00","HRV","10.4"
"2017-03-18 09:03:00","Weight Pounds","181.50"
"2017-03-18 14:56:00","Time In Deep Sleep","2.13333333333333"
"2017-03-18 14:56:00","Time In Light Sleep","6.3"
"2017-03-18 14:56:00","Time Awake","0.566666666666667"
"2017-03-18 14:56:00","Sleep Hours","8.43"
"2017-03-18 14:56:00","Number Times Woken","0"
"2017-03-19 08:32:00","Weight Pounds","183.00"
"2017-03-19 08:32:00","HRV","9.8"
"2017-03-19 08:32:00","Pulse","53"
"2017-03-19 15:28:00","Time Awake","0.233333333333333"
"2017-03-19 15:28:00","Time In Light Sleep","6.8"
"2017-03-19 15:28:00","Sleep Hours","8.73"
"2017-03-19 15:28:00","Number Times Woken","0"
"2017-03-19 15:28:00","Time In Deep Sleep","1.93333333333333"
"2017-03-20 08:02:00","Weight Pounds","182.50"
"2017-03-20 08:02:00","HRV","9.9"
"2017-03-20 08:02:00","Pulse","50"
"2017-03-20 13:53:00","Sleep Hours","10.10"
"2017-03-20 13:53:00","Time Awake","0.166666666666667"
"2017-03-20 13:53:00","Time In Light Sleep","7.28333333333333"
"2017-03-20 13:53:00","Time In Deep Sleep","2.81666666666667"
"2017-03-20 13:53:00","Number Times Woken","0"
"2017-03-21 09:00:00","Pulse","47"
"2017-03-21 09:00:00","HRV","10"
"2017-03-21 13:55:00","Time Awake","0.05"
"2017-03-21 13:55:00","Time In Light Sleep","5.41666666666667"
"2017-03-21 13:55:00","Sleep Hours","8.85"
"2017-03-21 13:55:00","Number Times Woken","0"
"2017-03-21 13:55:00","Time In Deep Sleep","3.43333333333333"
"2017-03-22 07:56:00","Weight Pounds","184.00"
"2017-03-22 07:56:00","Pulse","47"
"2017-03-22 07:56:00","HRV","10.1"
"2017-03-22 13:43:00","Sleep Hours","8.55"
"2017-03-22 13:43:00","Time In Light Sleep","6.86666666666667"
"2017-03-22 13:43:00","Time Awake","0.416666666666667"
"2017-03-22 13:43:00","Time In Deep Sleep","1.68333333333333"
"2017-03-22 13:43:00","Number Times Woken","0"
"2017-03-23 07:17:00","Pulse","51"
"2017-03-23 07:17:00","HRV","9.5"
"2017-03-23 07:17:00","Weight Pounds","183.00"
"2017-03-23 12:46:00","Time In Deep Sleep","1.58333333333333"
"2017-03-23 12:46:00","Number Times Woken","0"
"2017-03-23 12:46:00","Sleep Hours","8.02"
"2017-03-23 12:46:00","Time Awake","0.0833333333333333"
"2017-03-23 12:46:00","Time In Light Sleep","6.43333333333333"
"2017-03-24 07:47:00","Pulse","48"
"2017-03-24 07:47:00","HRV","10"
"2017-03-24 07:47:00","Weight Pounds","183.00"
"2017-03-24 13:35:00","Time In Deep Sleep","2.4"
"2017-03-24 13:35:00","Sleep Hours","10.13"
"2017-03-24 13:35:00","Time In Light Sleep","7.73333333333333"
"2017-03-24 13:35:00","Time Awake","0.25"
"2017-03-24 13:35:00","Number Times Woken","0"
"2017-03-25 08:12:00","Weight Pounds","182.00"
"2017-03-25 08:12:00","Pulse","46"
"2017-03-25 08:12:00","HRV","9.6"
"2017-03-25 14:15:00","Time In Light Sleep","6.81666666666667"
"2017-03-25 14:15:00","Sleep Hours","9.17"
"2017-03-25 14:15:00","Time Awake","0.183333333333333"
"2017-03-25 14:15:00","Number Times Woken","0"
"2017-03-25 14:15:00","Time In Deep Sleep","2.35"
"2017-03-26 07:35:00","Pulse","48"
"2017-03-26 07:35:00","HRV","10.1"
"2017-03-26 14:52:00","Time Awake","0.183333333333333"
"2017-03-26 14:52:00","Time In Light Sleep","7.8"
"2017-03-26 14:52:00","Sleep Hours","10.12"
"2017-03-26 14:52:00","Time In Deep Sleep","2.31666666666667"
"2017-03-26 14:52:00","Number Times Woken","0"
"2017-03-27 08:16:00","Pulse","49"
"2017-03-27 08:16:00","HRV","9.7"
"2017-03-27 08:16:00","Weight Pounds","180.50"
"2017-03-27 14:03:00","Time In Deep Sleep","2.03333333333333"
"2017-03-27 14:03:00","Number Times Woken","0"
"2017-03-27 14:03:00","Time Awake","0.133333333333333"
"2017-03-27 14:03:00","Time In Light Sleep","7.13333333333333"
"2017-03-27 14:03:00","Sleep Hours","9.17"
"2017-03-28 08:11:00","HRV","9.2"
"2017-03-28 08:11:00","Pulse","48"
"2017-03-28 08:11:00","Weight Pounds","182.00"
"2017-03-28 13:51:00","Time In Deep Sleep","2.35"
"2017-03-28 13:51:00","Sleep Hours","9.37"
"2017-03-28 13:51:00","Time Awake","0.0833333333333333"
"2017-03-28 13:51:00","Time In Light Sleep","7.01666666666667"
"2017-03-28 13:51:00","Number Times Woken","0"
"2017-03-29 14:30:00","Number Times Woken","0"
"2017-03-29 14:30:00","Time In Deep Sleep","4"
"2017-03-29 14:30:00","Weight Pounds","181.50"
"2017-03-29 14:30:00","Sleep Hours","8.82"
"2017-03-29 14:30:00","Time Awake","0.183333333333333"
"2017-03-29 14:30:00","Time In Light Sleep","4.81666666666667"
"2017-03-30 07:47:00","Pulse","48"
"2017-03-30 07:47:00","HRV","9.9"
"2017-03-30 07:47:00","Weight Pounds","181.50"
"2017-03-30 13:27:00","Time In Deep Sleep","2.88333333333333"
"2017-03-30 13:27:00","Number Times Woken","0"
"2017-03-30 13:27:00","Time Awake","0.383333333333333"
"2017-03-30 13:27:00","Time In Light Sleep","8.41666666666667"
"2017-03-30 13:27:00","Sleep Hours","11.30"
"2017-03-31 13:38:00","Time In Light Sleep","7.88333333333333"
"2017-03-31 13:38:00","Sleep Hours","9.48"
"2017-03-31 13:38:00","Time Awake","0.0666666666666667"
"2017-03-31 13:38:00","Time In Deep Sleep","1.6"
"2017-03-31 13:38:00","Weight Pounds","182.00"
"2017-03-31 13:38:00","Number Times Woken","0"
"2017-04-01 08:51:00","HRV","10.5"
"2017-04-01 08:51:00","Pulse","53"
"2017-04-01 08:51:00","Weight Pounds","180.00"
"2017-04-02 09:42:00","Weight Pounds","178.50"
"2017-04-02 09:42:00","HRV","9.8"
"2017-04-02 09:42:00","Pulse","56"
"2017-04-03 06:52:00","HRV","10"
"2017-04-03 06:52:00","Pulse","47"
"2017-04-03 06:52:00","Weight Pounds","179.50"
"2017-04-04 07:53:00","Weight Pounds","180.00"
"2017-04-04 07:53:00","HRV","10.1"
"2017-04-04 07:53:00","Pulse","46"
"2017-04-04 14:06:00","Sleep Hours","9.38"
"2017-04-04 14:06:00","Time In Light Sleep","6.63333333333333"
"2017-04-04 14:06:00","Time Awake","0.3"
"2017-04-04 14:06:00","Number Times Woken","0"
"2017-04-04 14:06:00","Time In Deep Sleep","2.75"
"2017-04-05 08:07:00","Weight Pounds","180.00"
"2017-04-05 08:07:00","Pulse","44"
"2017-04-05 08:07:00","HRV","10.2"
"2017-04-05 14:00:00","Time In Light Sleep","5.71666666666667"
"2017-04-05 14:00:00","Sleep Hours","8.70"
"2017-04-05 14:00:00","Time Awake","0.183333333333333"
"2017-04-05 14:00:00","Time In Deep Sleep","2.98333333333333"
"2017-04-05 14:00:00","Number Times Woken","0"
"2017-04-06 07:58:00","Pulse","46"
"2017-04-06 07:58:00","HRV","9.6"
"2017-04-06 07:58:00","Weight Pounds","180.00"
"2017-04-06 13:57:00","Time In Deep Sleep","2.08333333333333"
"2017-04-06 13:57:00","Number Times Woken","0"
"2017-04-06 13:57:00","Time Awake","0.15"
"2017-04-06 13:57:00","Sleep Hours","8.70"
"2017-04-06 13:57:00","Time In Light Sleep","6.61666666666667"
"2017-04-07 07:53:00","Pulse","43"
"2017-04-07 07:53:00","HRV","9.5"
"2017-04-07 13:52:00","Sleep Hours","9.75"
"2017-04-07 13:52:00","Time Awake","0.133333333333333"
"2017-04-07 13:52:00","Time In Light Sleep","7.93333333333333"
"2017-04-07 13:52:00","Time In Deep Sleep","1.81666666666667"
"2017-04-07 13:52:00","Number Times Woken","0"
"2017-04-08 07:51:00","Pulse","52"
"2017-04-08 07:51:00","HRV","10.4"
"2017-04-08 14:13:00","Sleep Hours","8.35"
"2017-04-08 14:13:00","Time In Light Sleep","6.95"
"2017-04-08 14:13:00","Time Awake","0.2"
"2017-04-08 14:13:00","Number Times Woken","0"
"2017-04-08 14:13:00","Time In Deep Sleep","1.4"
"2017-04-09 07:33:00","Weight Pounds","180.00"
"2017-04-09 07:33:00","Pulse","57"
"2017-04-09 07:33:00","HRV","8.9"
"2017-04-09 13:23:00","Time Awake","0.116666666666667"
"2017-04-09 13:23:00","Time In Light Sleep","6"
"2017-04-09 13:23:00","Sleep Hours","8.30"
"2017-04-09 13:23:00","Time In Deep Sleep","2.3"
"2017-04-09 13:23:00","Number Times Woken","0"
"2017-04-10 13:41:00","Number Times Woken","0"
"2017-04-10 13:41:00","Sleep Hours","8.73"
"2017-04-10 13:41:00","Time In Light Sleep","6.31666666666667"
"2017-04-10 13:41:00","Time In Deep Sleep","2.41666666666667"
"2017-04-10 13:41:00","Weight Pounds","181.50"
"2017-04-11 13:33:00","Time In Deep Sleep","1.9"
"2017-04-11 13:33:00","Number Times Woken","0"
"2017-04-11 13:33:00","Time Awake","0.0833333333333333"
"2017-04-11 13:33:00","Time In Light Sleep","5.38333333333333"
"2017-04-11 13:33:00","Sleep Hours","7.28"
"2017-04-12 07:09:00","Pulse","45"
"2017-04-12 07:09:00","HRV","10.4"
"2017-04-12 07:09:00","Weight Pounds","180.50"
"2017-04-12 07:26:00","Time In Deep Sleep","1.48333333333333"
"2017-04-12 07:26:00","Sleep Hours","3.02"
"2017-04-12 07:26:00","Time In Light Sleep","1.53333333333333"
"2017-04-12 07:26:00","Number Times Woken","0"
"2017-04-12 13:58:00","Number Times Woken","0"
"2017-04-12 13:58:00","Time In Deep Sleep","2.53333333333333"
"2017-04-12 13:58:00","Sleep Hours","9.52"
"2017-04-12 13:58:00","Time Awake","0.0333333333333333"
"2017-04-12 13:58:00","Time In Light Sleep","6.98333333333333"
"2017-04-13 07:07:00","Pulse","43"
"2017-04-13 07:07:00","HRV","10.2"
"2017-04-13 07:07:00","Weight Pounds","181.50"
"2017-04-13 13:01:00","Time In Deep Sleep","4.18333333333333"
"2017-04-13 13:01:00","Number Times Woken","0"
"2017-04-13 13:01:00","Time Awake","0.466666666666667"
"2017-04-13 13:01:00","Sleep Hours","8.20"
"2017-04-13 13:01:00","Time In Light Sleep","4.01666666666667"
"2017-04-14 07:18:00","HRV","10.3"
"2017-04-14 07:18:00","Pulse","44"
"2017-04-14 07:18:00","Weight Pounds","179.50"
"2017-04-14 13:14:00","Time In Deep Sleep","2.2"
"2017-04-14 13:14:00","Time In Light Sleep","6.55"
"2017-04-14 13:14:00","Sleep Hours","8.75"
"2017-04-14 13:14:00","Time Awake","0.1"
"2017-04-14 13:14:00","Number Times Woken","0"
"2017-04-15 07:43:00","Weight Pounds","178.50"
"2017-04-15 07:43:00","Pulse","45"
"2017-04-15 07:43:00","HRV","10.2"
"2017-04-15 14:06:00","Sleep Hours","9.83"
"2017-04-15 14:06:00","Time Awake","0.25"
"2017-04-15 14:06:00","Time In Light Sleep","6.95"
"2017-04-15 14:06:00","Number Times Woken","0"
"2017-04-15 14:06:00","Time In Deep Sleep","2.88333333333333"
"2017-04-16 08:02:00","Weight Pounds","179.00"
"2017-04-16 08:02:00","Pulse","46"
"2017-04-16 08:02:00","HRV","9.7"
"2017-04-16 13:50:00","Time Awake","0.233333333333333"
"2017-04-16 13:50:00","Sleep Hours","7.28"
"2017-04-16 13:50:00","Time In Light Sleep","5.16666666666667"
"2017-04-16 13:50:00","Time In Deep Sleep","2.11666666666667"
"2017-04-16 13:50:00","Number Times Woken","0"
"2017-04-17 07:13:00","Pulse","49"
"2017-04-17 07:13:00","HRV","9.8"
"2017-04-17 07:13:00","Weight Pounds","180.00"
"2017-04-17 13:29:00","Time In Deep Sleep","2.83333333333333"
"2017-04-17 13:29:00","Number Times Woken","0"
"2017-04-17 13:29:00","Sleep Hours","8.78"
"2017-04-17 13:29:00","Time In Light Sleep","5.95"
"2017-04-17 13:29:00","Time Awake","0.116666666666667"
"2017-04-18 07:23:00","Pulse","52"
"2017-04-18 07:23:00","HRV","9.3"
"2017-04-18 07:23:00","Weight Pounds","182.00"
"2017-04-18 13:53:00","Time In Deep Sleep","2.63333333333333"
"2017-04-18 13:53:00","Time Awake","0.0333333333333333"
"2017-04-18 13:53:00","Sleep Hours","9.60"
"2017-04-18 13:53:00","Time In Light Sleep","6.96666666666667"
"2017-04-18 13:53:00","Number Times Woken","0"
"2017-04-19 07:18:00","Weight Pounds","181.00"
"2017-04-19 07:18:00","HRV","10.1"
"2017-04-19 07:18:00","Pulse","52"
"2017-04-19 13:13:00","Time Awake","0.4"
"2017-04-19 13:13:00","Time In Light Sleep","6.73333333333333"
"2017-04-19 13:13:00","Sleep Hours","8.62"
"2017-04-19 13:13:00","Number Times Woken","0"
"2017-04-19 13:13:00","Time In Deep Sleep","1.88333333333333"
"2017-04-20 07:01:00","Weight Pounds","180.50"
"2017-04-20 07:01:00","Pulse","45"
"2017-04-20 07:01:00","HRV","10.2"
"2017-04-20 12:55:00","Sleep Hours","9.12"
"2017-04-20 12:55:00","Time In Light Sleep","7.43333333333333"
"2017-04-20 12:55:00","Time Awake","0.3"
"2017-04-20 12:55:00","Time In Deep Sleep","1.68333333333333"
"2017-04-20 12:55:00","Number Times Woken","0"
"2017-04-21 07:29:00","HRV","8.9"
"2017-04-21 07:29:00","Pulse","52"
"2017-04-21 07:29:00","Weight Pounds","179.50"
"2017-04-21 13:33:00","Time In Deep Sleep","2.26666666666667"
"2017-04-21 13:33:00","Number Times Woken","0"
"2017-04-21 13:33:00","Sleep Hours","9.52"
"2017-04-21 13:33:00","Time Awake","0.1"
"2017-04-21 13:33:00","Time In Light Sleep","7.25"
"2017-04-22 14:12:00","Time Awake","0.15"
"2017-04-22 14:12:00","Time In Light Sleep","7.9"
"2017-04-22 14:12:00","Sleep Hours","10.42"
"2017-04-22 14:12:00","Time In Deep Sleep","2.51666666666667"
"2017-04-22 14:12:00","Number Times Woken","0"
"2017-04-23 07:04:00","Pulse","50"
"2017-04-23 07:04:00","HRV","9.4"
"2017-04-23 13:24:00","Time In Deep Sleep","3.76666666666667"
"2017-04-23 13:24:00","Number Times Woken","0"
"2017-04-23 13:24:00","Sleep Hours","10.50"
"2017-04-23 13:24:00","Time Awake","1.11666666666667"
"2017-04-23 13:24:00","Time In Light Sleep","6.73333333333333"
"2017-04-24 07:36:00","Pulse","46"
"2017-04-24 07:36:00","HRV","10"
"2017-04-24 13:12:00","Time In Deep Sleep","2"
"2017-04-24 13:12:00","Sleep Hours","9.58"
"2017-04-24 13:12:00","Time Awake","0.15"
"2017-04-24 13:12:00","Time In Light Sleep","7.58333333333333"
"2017-04-24 13:12:00","Number Times Woken","0"
"2017-04-25 07:25:00","HRV","10.3"
"2017-04-25 07:25:00","Weight Pounds","182.00"
"2017-04-25 07:25:00","Pulse","49"
"2017-04-25 13:11:00","Time In Light Sleep","6.61666666666667"
"2017-04-25 13:11:00","Sleep Hours","8.65"
"2017-04-25 13:11:00","Time Awake","0.633333333333333"
"2017-04-25 13:11:00","Number Times Woken","0"
"2017-04-25 13:11:00","Time In Deep Sleep","2.03333333333333"
"2017-04-26 12:38:00","Time In Deep Sleep","1.43333333333333"
"2017-04-26 12:38:00","Time Awake","0.35"
"2017-04-26 12:38:00","Time In Light Sleep","5.85"
"2017-04-26 12:38:00","Sleep Hours","7.28"
"2017-04-26 12:38:00","Number Times Woken","0"
"2017-04-27 14:04:00","Number Times Woken","0"
"2017-04-27 14:04:00","Weight Pounds","180.50"
"2017-04-27 14:04:00","Time In Deep Sleep","3.5"
"2017-04-27 14:04:00","Sleep Hours","6.77"
"2017-04-27 14:04:00","Time Awake","0.133333333333333"
"2017-04-27 14:04:00","Time In Light Sleep","3.26666666666667"
"2017-04-28 08:24:00","Pulse","54"
"2017-04-28 08:24:00","Weight Pounds","180.50"
"2017-04-28 08:24:00","HRV","9.6"
"2017-04-28 13:55:00","Time In Deep Sleep","2.6"
"2017-04-28 13:55:00","Number Times Woken","0"
"2017-04-28 13:55:00","Time In Light Sleep","6.46666666666667"
"2017-04-28 13:55:00","Sleep Hours","9.07"
"2017-04-29 08:36:00","Pulse","49"
"2017-04-29 08:36:00","HRV","9.7"
"2017-04-29 14:14:00","Time In Deep Sleep","2.08333333333333"
"2017-04-29 14:14:00","Time In Light Sleep","7.58333333333333"
"2017-04-29 14:14:00","Time Awake","0.166666666666667"
"2017-04-29 14:14:00","Sleep Hours","9.67"
"2017-04-29 14:14:00","Number Times Woken","0"
"2017-04-30 08:30:00","HRV","10.5"
"2017-04-30 08:30:00","Pulse","47"
"2017-04-30 14:12:00","Time In Light Sleep","5.51666666666667"
"2017-04-30 14:12:00","Sleep Hours","7.97"
"2017-04-30 14:12:00","Time Awake","0.166666666666667"
"2017-04-30 14:12:00","Number Times Woken","0"
"2017-04-30 14:12:00","Time In Deep Sleep","2.45"
"2017-05-01 13:49:00","Weight Pounds","180.50"
"2017-05-01 13:49:00","Time In Deep Sleep","3.23333333333333"
"2017-05-01 13:49:00","Time Awake","0.95"
"2017-05-01 13:49:00","Sleep Hours","6.95"
"2017-05-01 13:49:00","Time In Light Sleep","3.71666666666667"
"2017-05-01 13:49:00","Number Times Woken","0"
"2017-05-02 14:07:00","Number Times Woken","0"
"2017-05-02 14:07:00","Time In Deep Sleep","2.6"
"2017-05-02 14:07:00","Weight Pounds","181.60"
"2017-05-02 14:07:00","Sleep Hours","8.62"
"2017-05-02 14:07:00","Time Awake","0.15"
"2017-05-02 14:07:00","Time In Light Sleep","6.01666666666667"
"2017-05-02 17:35:00","Percent Fat","16.25"
"2017-05-02 17:35:00","Weight Pounds","180.14"
"2017-05-03 07:46:00","HRV","10.1"
"2017-05-03 07:46:00","Pulse","46"
"2017-05-03 08:04:00","Weight Pounds","180.41"
"2017-05-03 13:34:00","Time In Deep Sleep","0.733333333333333"
"2017-05-03 13:34:00","Number Times Woken","0"
"2017-05-03 13:34:00","Time In Light Sleep","7.78333333333333"
"2017-05-03 13:34:00","Sleep Hours","8.52"
"2017-05-03 13:34:00","Time Awake","0.0833333333333333"
"2017-05-03 18:53:00","Percent Fat","15.42"
"2017-05-03 18:53:00","Weight Pounds","179.29"
"2017-05-04 08:21:00","Weight Pounds","181.00"
"2017-05-04 08:21:00","Percent Fat","15.31"
"2017-05-04 08:29:00","Pulse","44"
"2017-05-04 08:29:00","HRV","10"
"2017-05-04 14:18:00","Time In Deep Sleep","1.53333333333333"
"2017-05-04 14:18:00","Time In Light Sleep","7.55"
"2017-05-04 14:18:00","Sleep Hours","9.08"
"2017-05-04 14:18:00","Number Times Woken","0"
"2017-05-04 18:11:00","Weight Pounds","179.87"
"2017-05-04 18:11:00","Percent Fat","14.35"
"2017-05-05 08:22:00","Percent Fat","15.70"
"2017-05-05 08:22:00","Weight Pounds","179.90"
"2017-05-05 14:08:00","Time In Deep Sleep","2.48333333333333"
"2017-05-05 14:08:00","Number Times Woken","0"
"2017-05-05 14:08:00","Time Awake","0.0833333333333333"
"2017-05-05 14:08:00","Sleep Hours","9.22"
"2017-05-05 14:08:00","Time In Light Sleep","6.73333333333333"
"2017-05-05 18:40:00","Percent Fat","14.42"
"2017-05-05 18:40:00","Weight Pounds","179.89"
"2017-05-06 11:16:00","Time In Deep Sleep","1.28333333333333"
"2017-05-06 11:16:00","Time Awake","0.45"
"2017-05-06 11:16:00","Sleep Hours","6.85"
"2017-05-06 11:16:00","Time In Light Sleep","5.56666666666667"
"2017-05-06 11:16:00","Number Times Woken","0"
"2017-05-06 12:51:00","Weight Pounds","179.02"
"2017-05-06 12:51:00","Percent Fat","14.86"
"2017-05-07 07:21:00","Pulse","52"
"2017-05-07 07:21:00","HRV","8.4"
"2017-05-07 10:51:00","Weight Pounds","180.70"
"2017-05-07 10:51:00","Percent Fat","15.24"
"2017-05-07 12:59:00","Time In Light Sleep","6.48333333333333"
"2017-05-07 12:59:00","Sleep Hours","8.43"
"2017-05-07 12:59:00","Time Awake","0.0166666666666667"
"2017-05-07 12:59:00","Time In Deep Sleep","1.95"
"2017-05-07 12:59:00","Number Times Woken","0"
"2017-05-08 04:10:00","Number Times Woken","0"
"2017-05-08 04:10:00","Time In Deep Sleep","3.9"
"2017-05-08 04:10:00","Time Awake","0.566666666666667"
"2017-05-08 04:10:00","Sleep Hours","7.45"
"2017-05-08 04:10:00","Time In Light Sleep","3.55"
"2017-05-08 07:51:00","Pulse","46"
"2017-05-08 07:51:00","HRV","9.8"
"2017-05-08 19:04:00","Weight Pounds","180.53"
"2017-05-08 19:04:00","Percent Fat","14.24"
"2017-05-09 13:23:00","Time In Light Sleep","6.58333333333333"
"2017-05-09 13:23:00","Sleep Hours","8.28"
"2017-05-09 13:23:00","Time In Deep Sleep","1.7"
"2017-05-09 13:23:00","Number Times Woken","0"
"2017-05-09 17:51:00","Percent Fat","14.41"
"2017-05-09 17:51:00","Weight Pounds","180.95"
"2017-05-10 08:00:00","Weight Pounds","180.11"
"2017-05-10 08:00:00","Percent Fat","15.06"
"2017-05-10 08:04:00","Pulse","47"
"2017-05-10 08:04:00","HRV","10.3"
"2017-05-10 13:57:00","Number Times Woken","0"
"2017-05-10 13:57:00","Time In Light Sleep","5.41666666666667"
"2017-05-10 13:57:00","Sleep Hours","7.95"
"2017-05-10 13:57:00","Time Awake","0.0166666666666667"
"2017-05-10 13:57:00","Time In Deep Sleep","2.53333333333333"
"2017-05-11 07:22:00","Percent Fat","14.95"
"2017-05-11 07:22:00","Weight Pounds","180.40"
"2017-05-11 14:09:00","Time In Light Sleep","6.66666666666667"
"2017-05-11 14:09:00","Time In Deep Sleep","0.95"
"2017-05-11 14:09:00","Sleep Hours","7.62"
"2017-05-11 14:09:00","Time Awake","0.366666666666667"
"2017-05-11 14:09:00","Number Times Woken","0"
"2017-05-12 13:28:00","Number Times Woken","0"
"2017-05-12 13:28:00","Sleep Hours","8.80"
"2017-05-12 13:28:00","Time Awake","0.1"
"2017-05-12 13:28:00","Time In Light Sleep","6.3"
"2017-05-12 13:28:00","Time In Deep Sleep","2.5"
"2017-05-13 14:05:00","Time In Light Sleep","7.71666666666667"
"2017-05-13 14:05:00","Time In Deep Sleep","1.23333333333333"
"2017-05-13 14:05:00","Time Awake","0.116666666666667"
"2017-05-13 14:05:00","Sleep Hours","8.95"
"2017-05-13 14:05:00","Number Times Woken","0"
"2017-05-14 14:08:00","Number Times Woken","0"
"2017-05-14 14:08:00","Sleep Hours","9.40"
"2017-05-14 14:08:00","Time Awake","0.183333333333333"
"2017-05-14 14:08:00","Time In Deep Sleep","1.18333333333333"
"2017-05-14 14:08:00","Time In Light Sleep","8.21666666666667"
"2017-05-15 14:03:00","Time In Deep Sleep","1.2"
"2017-05-15 14:03:00","Sleep Hours","9.08"
"2017-05-15 14:03:00","Time Awake","0.1"
"2017-05-15 14:03:00","Time In Light Sleep","7.88333333333333"
"2017-05-15 14:03:00","Number Times Woken","0"
"2017-05-16 13:18:00","Number Times Woken","0"
"2017-05-16 13:18:00","Sleep Hours","8.18"
"2017-05-16 13:18:00","Time Awake","0.0833333333333333"
"2017-05-16 13:18:00","Time In Light Sleep","6.3"
"2017-05-16 13:18:00","Time In Deep Sleep","1.88333333333333"
"2017-05-18 14:00:00","Time Awake","0.0166666666666667"
"2017-05-18 14:00:00","Sleep Hours","6.58"
"2017-05-18 14:00:00","Time In Light Sleep","5.73333333333333"
"2017-05-18 14:00:00","Time In Deep Sleep","0.85"
"2017-05-18 14:00:00","Number Times Woken","0"
"2017-05-19 14:05:00","Number Times Woken","0"
"2017-05-19 14:05:00","Time Awake","0.316666666666667"
"2017-05-19 14:05:00","Time In Light Sleep","8.51666666666667"
"2017-05-19 14:05:00","Time In Deep Sleep","2.15"
"2017-05-19 14:05:00","Sleep Hours","10.67"
"2017-05-20 14:23:00","Time Awake","0.483333333333333"
"2017-05-20 14:23:00","Sleep Hours","10.12"
"2017-05-20 14:23:00","Time In Deep Sleep","2.05"
"2017-05-20 14:23:00","Time In Light Sleep","8.06666666666667"
"2017-05-20 14:23:00","Number Times Woken","0"
"2017-05-20 16:31:00","Weight Pounds","179.50"
"2017-05-20 16:31:00","Percent Fat","15.86"
"2017-05-21 13:29:00","Sleep Hours","8.32"
"2017-05-21 13:29:00","Time Awake","0.5"
"2017-05-21 13:29:00","Time In Light Sleep","7.28333333333333"
"2017-05-21 13:29:00","Time In Deep Sleep","1.03333333333333"
"2017-05-21 13:29:00","Number Times Woken","0"
"2017-05-21 14:51:00","Percent Fat","15.61"
"2017-05-21 14:51:00","Weight Pounds","179.70"
"2017-05-22 12:28:00","Sleep Hours","6.13"
"2017-05-22 12:28:00","Number Times Woken","0"
"2017-05-22 12:28:00","Time In Deep Sleep","6"
"2017-05-22 12:28:00","Time Awake","0.0833333333333333"
"2017-05-22 12:28:00","Time In Light Sleep","0.133333333333333"
"2017-05-23 13:23:00","Time In Light Sleep","6.4"
"2017-05-23 13:23:00","Time Awake","0.0833333333333333"
"2017-05-23 13:23:00","Time In Deep Sleep","2.35"
"2017-05-23 13:23:00","Sleep Hours","8.75"
"2017-05-23 13:23:00","Number Times Woken","0"
"2017-05-24 11:51:00","Number Times Woken","0"
"2017-05-24 11:51:00","Time In Deep Sleep","1.56666666666667"
"2017-05-24 11:51:00","Time Awake","0.133333333333333"
"2017-05-24 11:51:00","Time In Light Sleep","5.18333333333333"
"2017-05-24 11:51:00","Sleep Hours","6.75"
"2017-05-25 11:26:00","Sleep Hours","5.65"
"2017-05-25 11:26:00","Number Times Woken","0"
"2017-05-25 11:26:00","Time In Light Sleep","2.05"
"2017-05-25 11:26:00","Time In Deep Sleep","3.6"
"2017-05-26 13:42:00","Time Awake","0.0166666666666667"
"2017-05-26 13:42:00","Time In Deep Sleep","1.95"
"2017-05-26 13:42:00","Time In Light Sleep","6.93333333333333"
"2017-05-26 13:42:00","Sleep Hours","8.88"
"2017-05-26 13:42:00","Number Times Woken","0"
"2017-05-27 12:47:00","Notes","Looks like I put on a pound or two this week.  "
"2017-05-27 12:47:00","Weight Pounds","181.00"
"2017-05-27 12:57:00","Sleep Hours","8.32"
"2017-05-27 12:57:00","Time Awake","0.2"
"2017-05-27 12:57:00","Time In Deep Sleep","1.13333333333333"
"2017-05-27 12:57:00","Time In Light Sleep","7.18333333333333"
"2017-05-27 12:57:00","Number Times Woken","0"
"2017-05-28 15:15:00","Number Times Woken","0"
"2017-05-28 15:15:00","Sleep Hours","11.12"
"2017-05-28 15:15:00","Time In Light Sleep","8.93333333333333"
"2017-05-28 15:15:00","Time In Deep Sleep","2.18333333333333"
"2017-05-28 15:15:00","Time Awake","0.333333333333333"
"2017-05-29 08:27:00","Pulse","52"
"2017-05-29 08:27:00","HRV","9.2"
"2017-05-29 14:05:00","Sleep Hours","10.22"
"2017-05-29 14:05:00","Number Times Woken","0"
"2017-05-29 14:05:00","Time In Deep Sleep","1.28333333333333"
"2017-05-29 14:05:00","Time Awake","0.0166666666666667"
"2017-05-29 14:05:00","Time In Light Sleep","8.93333333333333"
"2017-05-30 07:41:00","Pulse","54"
"2017-05-30 07:41:00","HRV","8.9"
"2017-05-30 13:32:00","Sleep Hours","8.98"
"2017-05-30 13:32:00","Time In Deep Sleep","1.2"
"2017-05-30 13:32:00","Time Awake","0.316666666666667"
"2017-05-30 13:32:00","Time In Light Sleep","7.78333333333333"
"2017-05-30 13:32:00","Number Times Woken","0"
"2017-05-31 07:30:00","HRV","9.6"
"2017-05-31 07:30:00","Pulse","50"
"2017-05-31 13:29:00","Time Awake","0.0666666666666667"
"2017-05-31 13:29:00","Time In Deep Sleep","1.68333333333333"
"2017-05-31 13:29:00","Time In Light Sleep","6.61666666666667"
"2017-05-31 13:29:00","Number Times Woken","0"
"2017-05-31 13:29:00","Sleep Hours","8.30"
"2017-06-01 07:18:00","HRV","9.7"
"2017-06-01 07:18:00","Pulse","48"
"2017-06-01 13:05:00","Time In Light Sleep","7.71666666666667"
"2017-06-01 13:05:00","Time In Deep Sleep","1.35"
"2017-06-01 13:05:00","Time Awake","0.1"
"2017-06-01 13:05:00","Sleep Hours","9.07"
"2017-06-01 13:05:00","Number Times Woken","0"
"2017-06-01 19:03:00","Percent Fat","13.80"
"2017-06-01 19:03:00","Weight Pounds","179.78"
"2017-06-02 07:43:00","HRV","11"
"2017-06-02 07:43:00","Pulse","49"
"2017-06-02 13:18:00","Time In Deep Sleep","1.6"
"2017-06-02 13:18:00","Time In Light Sleep","5.71666666666667"
"2017-06-02 13:18:00","Time Awake","0.0833333333333333"
"2017-06-02 13:18:00","Number Times Woken","0"
"2017-06-02 13:18:00","Sleep Hours","7.32"
"2017-06-03 08:13:00","HRV","9.8"
"2017-06-03 08:13:00","Pulse","52"
"2017-06-03 14:03:00","Time In Deep Sleep","1.48333333333333"
"2017-06-03 14:03:00","Time In Light Sleep","6.4"
"2017-06-03 14:03:00","Time Awake","0.15"
"2017-06-03 14:03:00","Sleep Hours","7.88"
"2017-06-03 14:03:00","Number Times Woken","0"
"2017-06-04 08:46:00","Pulse","52"
"2017-06-04 08:46:00","HRV","9.2"
"2017-06-04 14:45:00","Sleep Hours","9.30"
"2017-06-04 14:45:00","Number Times Woken","0"
"2017-06-04 14:45:00","Time In Light Sleep","6.65"
"2017-06-04 14:45:00","Time In Deep Sleep","2.65"
"2017-06-04 14:45:00","Time Awake","0.3"
"2017-06-04 16:57:00","Percent Fat","15.46"
"2017-06-04 16:57:00","Weight Pounds","176.99"
"2017-06-05 13:58:00","Sleep Hours","8.08"
"2017-06-05 13:58:00","Time In Light Sleep","6.45"
"2017-06-05 13:58:00","Time In Deep Sleep","1.63333333333333"
"2017-06-05 13:58:00","Time Awake","0.233333333333333"
"2017-06-05 13:58:00","Number Times Woken","0"
"2017-06-06 08:07:00","HRV","10.2"
"2017-06-06 08:07:00","Pulse","47"
"2017-06-06 14:00:00","Time In Light Sleep","7.53333333333333"
"2017-06-06 14:00:00","Time In Deep Sleep","1.8"
"2017-06-06 14:00:00","Number Times Woken","0"
"2017-06-06 14:00:00","Sleep Hours","9.33"
"2017-06-07 08:40:00","HRV","9.1"
"2017-06-07 08:40:00","Pulse","55"
"2017-06-07 14:37:00","Time Awake","0.0333333333333333"
"2017-06-07 14:37:00","Time In Light Sleep","4.88333333333333"
"2017-06-07 14:37:00","Time In Deep Sleep","2.48333333333333"
"2017-06-07 14:37:00","Sleep Hours","7.37"
"2017-06-07 14:37:00","Number Times Woken","0"
"2017-06-08 12:11:00","Number Times Woken","0"
"2017-06-08 12:11:00","Time In Light Sleep","5.38333333333333"
"2017-06-08 12:11:00","Time Awake","0.05"
"2017-06-08 12:11:00","Time In Deep Sleep","0.933333333333333"
"2017-06-08 12:11:00","Sleep Hours","6.32"
"2017-06-09 07:22:00","HRV","9.9"
"2017-06-09 07:22:00","Pulse","46"
"2017-06-09 13:11:00","Time In Light Sleep","6.56666666666667"
"2017-06-09 13:11:00","Time Awake","0.0833333333333333"
"2017-06-09 13:11:00","Time In Deep Sleep","2.48333333333333"
"2017-06-09 13:11:00","Number Times Woken","0"
"2017-06-09 13:11:00","Sleep Hours","9.05"
"2017-06-09 17:25:00","Weight Pounds","179.29"
"2017-06-10 14:25:00","Sleep Hours","10.02"
"2017-06-10 14:25:00","Time In Deep Sleep","2.46666666666667"
"2017-06-10 14:25:00","Time Awake","0.0666666666666667"
"2017-06-10 14:25:00","Time In Light Sleep","7.55"
"2017-06-10 14:25:00","Number Times Woken","0"
"2017-06-10 19:51:00","Weight Pounds","178.87"
"2017-06-10 19:51:00","Percent Fat","14.49"
"2017-06-11 13:46:00","Time Awake","0.166666666666667"
"2017-06-11 13:46:00","Time In Deep Sleep","1.91666666666667"
"2017-06-11 13:46:00","Time In Light Sleep","6.73333333333333"
"2017-06-11 13:46:00","Number Times Woken","0"
"2017-06-11 13:46:00","Sleep Hours","8.65"
"2017-06-11 14:06:00","Weight Pounds","177.37"
"2017-06-11 14:06:00","Percent Fat","14.68"
"2017-06-12 13:30:00","Time Awake","0.15"
"2017-06-12 13:30:00","Time In Light Sleep","6.11666666666667"
"2017-06-12 13:30:00","Time In Deep Sleep","1.6"
"2017-06-12 13:30:00","Sleep Hours","7.72"
"2017-06-12 13:30:00","Number Times Woken","0"
"2017-06-13 13:16:00","Number Times Woken","0"
"2017-06-13 13:16:00","Time In Deep Sleep","2.98333333333333"
"2017-06-13 13:16:00","Time In Light Sleep","5.36666666666667"
"2017-06-13 13:16:00","Time Awake","0.1"
"2017-06-13 13:16:00","Sleep Hours","8.35"
"2017-06-14 13:34:00","Sleep Hours","8.32"
"2017-06-14 13:34:00","Number Times Woken","0"
"2017-06-14 13:34:00","Time Awake","0.183333333333333"
"2017-06-14 13:34:00","Time In Light Sleep","5.26666666666667"
"2017-06-14 13:34:00","Time In Deep Sleep","3.05"
"2017-06-15 06:43:00","Time In Deep Sleep","0.583333333333333"
"2017-06-15 06:43:00","Time In Light Sleep","1.81666666666667"
"2017-06-15 06:43:00","Sleep Hours","2.40"
"2017-06-15 06:43:00","Number Times Woken","0"
"2017-06-16 07:26:00","Pulse","49"
"2017-06-16 07:26:00","HRV","10"
"2017-06-16 13:19:00","Sleep Hours","8.18"
"2017-06-16 13:19:00","Number Times Woken","0"
"2017-06-16 13:19:00","Time In Light Sleep","6.75"
"2017-06-16 13:19:00","Time Awake","0.15"
"2017-06-16 13:19:00","Time In Deep Sleep","1.43333333333333"
"2017-06-17 12:39:00","Time In Deep Sleep","1.4"
"2017-06-17 12:39:00","Time In Light Sleep","4.83333333333333"
"2017-06-17 12:39:00","Time Awake","0.15"
"2017-06-17 12:39:00","Sleep Hours","6.23"
"2017-06-17 12:39:00","Number Times Woken","0"
"2017-06-18 11:06:00","Number Times Woken","0"
"2017-06-18 11:06:00","Time In Deep Sleep","0.916666666666667"
"2017-06-18 11:06:00","Time In Light Sleep","6.56666666666667"
"2017-06-18 11:06:00","Time Awake","0.1"
"2017-06-18 11:06:00","Sleep Hours","7.48"
"2017-06-19 13:19:00","Sleep Hours","8.45"
"2017-06-19 13:19:00","Number Times Woken","0"
"2017-06-19 13:19:00","Time In Light Sleep","6.86666666666667"
"2017-06-19 13:19:00","Time In Deep Sleep","1.58333333333333"
"2017-06-20 12:34:00","Time In Deep Sleep","1.56666666666667"
"2017-06-20 12:34:00","Time Awake","0.0833333333333333"
"2017-06-20 12:34:00","Time In Light Sleep","4.66666666666667"
"2017-06-20 12:34:00","Sleep Hours","6.23"
"2017-06-20 12:34:00","Number Times Woken","0"
"2017-06-21 13:04:00","Number Times Woken","0"
"2017-06-21 13:04:00","Time Awake","0.0833333333333333"
"2017-06-21 13:04:00","Time In Deep Sleep","2.13333333333333"
"2017-06-21 13:04:00","Time In Light Sleep","2.16666666666667"
"2017-06-21 13:04:00","Sleep Hours","4.30"
"2017-06-22 06:49:00","Sleep Hours","4.05"
"2017-06-22 06:49:00","Number Times Woken","0"
"2017-06-22 06:49:00","Time In Light Sleep","2.23333333333333"
"2017-06-22 06:49:00","Time Awake","0.0833333333333333"
"2017-06-22 06:49:00","Time In Deep Sleep","1.81666666666667"
"2017-06-22 14:02:00","Time In Light Sleep","6.18333333333333"
"2017-06-22 14:02:00","Time Awake","0.0833333333333333"
"2017-06-22 14:02:00","Time In Deep Sleep","3.65"
"2017-06-22 14:02:00","Sleep Hours","9.83"
"2017-06-22 14:02:00","Number Times Woken","0"
"2017-06-23 06:45:00","Number Times Woken","0"
"2017-06-23 06:45:00","Time In Deep Sleep","0.183333333333333"
"2017-06-23 06:45:00","Time Awake","0.0833333333333333"
"2017-06-23 06:45:00","Time In Light Sleep","2.11666666666667"
"2017-06-23 06:45:00","Sleep Hours","2.30"
"2017-06-24 06:56:00","Sleep Hours","2.52"
"2017-06-24 06:56:00","Number Times Woken","0"
"2017-06-24 06:56:00","Time Awake","0.0666666666666667"
"2017-06-24 06:56:00","Time In Light Sleep","2.05"
"2017-06-24 06:56:00","Time In Deep Sleep","0.466666666666667"
"2017-06-25 14:44:00","Time Awake","0.216666666666667"
"2017-06-25 14:44:00","Time In Deep Sleep","2.08333333333333"
"2017-06-25 14:44:00","Time In Light Sleep","7.4"
"2017-06-25 14:44:00","Sleep Hours","9.48"
"2017-06-25 14:44:00","Number Times Woken","0"
"2017-06-26 08:42:00","Number Times Woken","0"
"2017-06-26 08:42:00","Time In Light Sleep","2.56666666666667"
"2017-06-26 08:42:00","Time In Deep Sleep","1.03333333333333"
"2017-06-26 08:42:00","Sleep Hours","3.60"
"2017-06-27 14:02:00","Sleep Hours","9.45"
"2017-06-27 14:02:00","Number Times Woken","0"
"2017-06-27 14:02:00","Time In Light Sleep","7.45"
"2017-06-27 14:02:00","Time In Deep Sleep","2"
"2017-06-27 14:02:00","Time Awake","0.0333333333333333"
"2017-06-28 14:11:00","Time In Light Sleep","5.13333333333333"
"2017-06-28 14:11:00","Time In Deep Sleep","2.23333333333333"
"2017-06-28 14:11:00","Time Awake","0.133333333333333"
"2017-06-28 14:11:00","Sleep Hours","7.37"
"2017-06-28 14:11:00","Number Times Woken","0"
"2017-06-29 13:46:00","Number Times Woken","1"
"2017-06-29 13:46:00","Time Awake","0.0833333333333333"
"2017-06-29 13:46:00","Time In Deep Sleep","1.83333333333333"
"2017-06-29 13:46:00","Time In Light Sleep","6.35"
"2017-06-29 13:46:00","Sleep Hours","8.18"
"2017-06-30 13:36:00","Sleep Hours","7.22"
"2017-06-30 13:36:00","Number Times Woken","4"
"2017-06-30 13:36:00","Time In Deep Sleep","2.1"
"2017-06-30 13:36:00","Time In Light Sleep","5.11666666666667"
"2017-06-30 13:36:00","Time Awake","0.233333333333333"
"2017-06-30 16:23:44","Weight Pounds","178.50"
"2017-07-01 09:18:00","Percent Fat","15.88"
"2017-07-01 09:18:00","Weight Pounds","177.59"
"2017-07-01 12:00:00","Sleep Hours","6.90"
"2017-07-01 12:00:00","Time Awake","0.0833333333333333"
"2017-07-01 12:00:00","Time In Light Sleep","6.43333333333333"
"2017-07-01 12:00:00","Time In Deep Sleep","0.466666666666667"
"2017-07-01 12:00:00","Number Times Woken","1"
"2017-07-02 10:57:00","Number Times Woken","1"
"2017-07-02 10:57:00","Sleep Hours","7.07"
"2017-07-02 10:57:00","Time In Light Sleep","5.9"
"2017-07-02 10:57:00","Time In Deep Sleep","1.16666666666667"
"2017-07-02 10:57:00","Time Awake","0.1"
"2017-07-02 11:18:00","Percent Fat","15.46"
"2017-07-02 11:18:00","Weight Pounds","176.72"
"2017-07-03 13:53:00","Sleep Hours","10.15"
"2017-07-03 13:53:00","Number Times Woken","1"
"2017-07-03 13:53:00","Time Awake","0.15"
"2017-07-03 13:53:00","Time In Deep Sleep","1.63333333333333"
"2017-07-03 13:53:00","Time In Light Sleep","8.51666666666667"
"2017-07-04 09:12:00","Time Awake","0.316666666666667"
"2017-07-04 09:12:00","Time In Deep Sleep","1.11666666666667"
"2017-07-04 09:12:00","Time In Light Sleep","4.68333333333333"
"2017-07-04 09:12:00","Sleep Hours","5.80"
"2017-07-04 09:12:00","Number Times Woken","1"
"2017-07-05 12:06:00","Number Times Woken","1"
"2017-07-05 12:06:00","Time Awake","0.05"
"2017-07-05 12:06:00","Time In Deep Sleep","1.28333333333333"
"2017-07-05 12:06:00","Time In Light Sleep","6.03333333333333"
"2017-07-05 12:06:00","Sleep Hours","7.32"
"2017-07-06 12:58:00","Sleep Hours","8.02"
"2017-07-06 12:58:00","Number Times Woken","1"
"2017-07-06 12:58:00","Time In Light Sleep","6.01666666666667"
"2017-07-06 12:58:00","Time In Deep Sleep","2"
"2017-07-06 12:58:00","Time Awake","0.0666666666666667"
"2017-07-07 13:22:00","Time In Deep Sleep","2.31666666666667"
"2017-07-07 13:22:00","Time Awake","0.15"
"2017-07-07 13:22:00","Time In Light Sleep","7.73333333333333"
"2017-07-07 13:22:00","Sleep Hours","10.05"
"2017-07-07 13:22:00","Number Times Woken","3"
"2017-07-08 10:03:00","Number Times Woken","4"
"2017-07-08 10:03:00","Time In Deep Sleep","1.5"
"2017-07-08 10:03:00","Time In Light Sleep","5.8"
"2017-07-08 10:03:00","Time Awake","0.3"
"2017-07-08 10:03:00","Sleep Hours","7.30"
"2017-07-09 12:49:00","Sleep Hours","8.73"
"2017-07-09 12:49:00","Number Times Woken","1"
"2017-07-09 12:49:00","Time Awake","0.133333333333333"
"2017-07-09 12:49:00","Time In Deep Sleep","1.03333333333333"
"2017-07-09 12:49:00","Time In Light Sleep","7.7"
"2017-07-10 13:25:00","Time In Deep Sleep","1.73333333333333"
"2017-07-10 13:25:00","Time In Light Sleep","6.68333333333333"
"2017-07-10 13:25:00","Time Awake","0.116666666666667"
"2017-07-10 13:25:00","Sleep Hours","8.42"
"2017-07-10 13:25:00","Number Times Woken","1"
"2017-07-11 13:09:00","Number Times Woken","2"
"2017-07-11 13:09:00","Time In Deep Sleep","1.81666666666667"
"2017-07-11 13:09:00","Time In Light Sleep","7.66666666666667"
"2017-07-11 13:09:00","Time Awake","0.183333333333333"
"2017-07-11 13:09:00","Sleep Hours","9.48"
"2017-07-12 13:05:00","Sleep Hours","9.27"
"2017-07-12 13:05:00","Number Times Woken","2"
"2017-07-12 13:05:00","Time Awake","0.15"
"2017-07-12 13:05:00","Time In Light Sleep","6.63333333333333"
"2017-07-12 13:05:00","Time In Deep Sleep","2.63333333333333"
"2017-07-13 12:19:00","Time In Deep Sleep","2.66666666666667"
"2017-07-13 12:19:00","Time In Light Sleep","4.71666666666667"
"2017-07-13 12:19:00","Time Awake","0.216666666666667"
"2017-07-13 12:19:00","Sleep Hours","7.38"
"2017-07-13 12:19:00","Number Times Woken","3"
"2017-07-14 13:59:00","Number Times Woken","1"
"2017-07-14 13:59:00","Time In Light Sleep","6.41666666666667"
"2017-07-14 13:59:00","Time In Deep Sleep","2.98333333333333"
"2017-07-14 13:59:00","Time Awake","0.1"
"2017-07-14 13:59:00","Sleep Hours","9.40"
"2017-07-15 12:57:00","Sleep Hours","7.82"
"2017-07-15 12:57:00","Number Times Woken","0"
"2017-07-15 12:57:00","Time In Light Sleep","5.9"
"2017-07-15 12:57:00","Time In Deep Sleep","1.91666666666667"
"2017-07-16 13:18:00","Time Awake","0.166666666666667"
"2017-07-16 13:18:00","Time In Deep Sleep","1.1"
"2017-07-16 13:18:00","Time In Light Sleep","5.36666666666667"
"2017-07-16 13:18:00","Sleep Hours","6.47"
"2017-07-16 13:18:00","Number Times Woken","2"
"2017-07-17 13:45:00","Number Times Woken","1"
"2017-07-17 13:45:00","Time Awake","0.116666666666667"
"2017-07-17 13:45:00","Time In Light Sleep","7.13333333333333"
"2017-07-17 13:45:00","Time In Deep Sleep","2.26666666666667"
"2017-07-17 13:45:00","Sleep Hours","9.40"
"2017-07-18 12:58:00","Sleep Hours","7.80"
"2017-07-18 12:58:00","Number Times Woken","0"
"2017-07-18 12:58:00","Time In Light Sleep","5.95"
"2017-07-18 12:58:00","Time Awake","0.0833333333333333"
"2017-07-18 12:58:00","Time In Deep Sleep","1.85"
"2017-07-19 10:41:00","Time Awake","0.0333333333333333"
"2017-07-19 10:41:00","Time In Deep Sleep","1.18333333333333"
"2017-07-19 10:41:00","Time In Light Sleep","4.96666666666667"
"2017-07-19 10:41:00","Sleep Hours","6.15"
"2017-07-19 10:41:00","Number Times Woken","0"
"2017-07-20 15:14:00","Number Times Woken","1"
"2017-07-20 15:14:00","Time Awake","0.0833333333333333"
"2017-07-20 15:14:00","Time In Light Sleep","8"
"2017-07-20 15:14:00","Time In Deep Sleep","2.58333333333333"
"2017-07-20 15:14:00","Sleep Hours","10.58"
"2017-07-22 15:02:00","Sleep Hours","9.10"
"2017-07-22 15:02:00","Number Times Woken","0"
"2017-07-22 15:02:00","Time In Light Sleep","6.48333333333333"
"2017-07-22 15:02:00","Time In Deep Sleep","2.61666666666667"
"2017-07-23 15:48:00","Time In Deep Sleep","2.03333333333333"
"2017-07-23 15:48:00","Time Awake","0.0333333333333333"
"2017-07-23 15:48:00","Time In Light Sleep","6.96666666666667"
"2017-07-23 15:48:00","Sleep Hours","9.00"
"2017-07-23 15:48:00","Number Times Woken","0"
"2017-07-24 15:01:00","Number Times Woken","0"
"2017-07-24 15:01:00","Time In Deep Sleep","1.61666666666667"
"2017-07-24 15:01:00","Time Awake","0.0166666666666667"
"2017-07-24 15:01:00","Time In Light Sleep","7.31666666666667"
"2017-07-24 15:01:00","Sleep Hours","8.93"
"2017-07-25 12:11:00","Sleep Hours","4.90"
"2017-07-25 12:11:00","Number Times Woken","1"
"2017-07-25 12:11:00","Time In Deep Sleep","1.61666666666667"
"2017-07-25 12:11:00","Time In Light Sleep","3.28333333333333"
"2017-07-25 12:11:00","Time Awake","0.05"
"2017-07-26 14:16:00","Time Awake","0.166666666666667"
"2017-07-26 14:16:00","Time In Deep Sleep","2.11666666666667"
"2017-07-26 14:16:00","Time In Light Sleep","6.68333333333333"
"2017-07-26 14:16:00","Sleep Hours","8.80"
"2017-07-26 14:16:00","Number Times Woken","1"
"2017-07-27 14:22:00","Number Times Woken","1"
"2017-07-27 14:22:00","Time In Light Sleep","6.36666666666667"
"2017-07-27 14:22:00","Time In Deep Sleep","3.35"
"2017-07-27 14:22:00","Time Awake","0.166666666666667"
"2017-07-27 14:22:00","Sleep Hours","9.72"
"2017-07-28 13:51:00","Sleep Hours","10.15"
"2017-07-28 13:51:00","Number Times Woken","0"
"2017-07-28 13:51:00","Time In Deep Sleep","10.0166666666667"
"2017-07-28 13:51:00","Time Awake","0.0833333333333333"
"2017-07-28 13:51:00","Time In Light Sleep","0.133333333333333"
"2017-07-29 13:41:00","Time Awake","0.0666666666666667"
"2017-07-29 13:41:00","Time In Light Sleep","7.35"
"2017-07-29 13:41:00","Time In Deep Sleep","2.4"
"2017-07-29 13:41:00","Sleep Hours","9.75"
"2017-07-29 13:41:00","Number Times Woken","1"
"2017-07-30 13:20:00","Number Times Woken","0"
"2017-07-30 13:20:00","Time In Deep Sleep","0.933333333333333"
"2017-07-30 13:20:00","Sleep Hours","8.78"
"2017-07-30 13:20:00","Time In Light Sleep","7.85"
"2017-07-31 13:29:00","Time In Light Sleep","5.85"
"2017-07-31 13:29:00","Sleep Hours","8.72"
"2017-07-31 13:29:00","Number Times Woken","3"
"2017-07-31 13:29:00","Time Awake","0.15"
"2017-07-31 13:29:00","Time In Deep Sleep","2.86666666666667"
"2017-08-01 12:31:00","Time In Deep Sleep","1.35"
"2017-08-01 12:31:00","Time Awake","0.15"
"2017-08-01 12:31:00","Time In Light Sleep","6.33333333333333"
"2017-08-01 12:31:00","Sleep Hours","7.68"
"2017-08-01 12:31:00","Number Times Woken","2"
"2017-08-02 12:29:00","Number Times Woken","0"
"2017-08-02 12:29:00","Time In Deep Sleep","2.33333333333333"
"2017-08-02 12:29:00","Time Awake","0.1"
"2017-08-02 12:29:00","Sleep Hours","7.62"
"2017-08-02 12:29:00","Time In Light Sleep","5.28333333333333"
"2017-08-03 12:00:00","Time In Light Sleep","5.08333333333333"
"2017-08-03 12:00:00","Sleep Hours","8.13"
"2017-08-03 12:00:00","Number Times Woken","3"
"2017-08-03 12:00:00","Time In Deep Sleep","3.05"
"2017-08-03 12:00:00","Time Awake","0.233333333333333"
"2017-08-03 16:05:00","Pulse","44"
"2017-08-03 16:05:00","HRV","10.5"
"2017-08-04 12:13:00","Sleep Hours","7.92"
"2017-08-04 12:13:00","Time In Light Sleep","6.61666666666667"
"2017-08-04 12:13:00","Time In Deep Sleep","1.3"
"2017-08-04 12:13:00","Time Awake","0.15"
"2017-08-04 12:13:00","Number Times Woken","1"
"2017-08-05 12:57:00","Number Times Woken","1"
"2017-08-05 12:57:00","Sleep Hours","8.85"
"2017-08-05 12:57:00","Time In Light Sleep","7.26666666666667"
"2017-08-05 12:57:00","Time In Deep Sleep","1.58333333333333"
"2017-08-05 12:57:00","Time Awake","0.05"
"2017-08-06 14:42:00","Time Awake","0.133333333333333"
"2017-08-06 14:42:00","Time In Deep Sleep","1.75"
"2017-08-06 14:42:00","Number Times Woken","1"
"2017-08-06 14:42:00","Time In Light Sleep","7.95"
"2017-08-06 14:42:00","Sleep Hours","9.70"
"2017-08-07 13:12:00","Sleep Hours","9.20"
"2017-08-07 13:12:00","Time In Light Sleep","1.36666666666667"
"2017-08-07 13:12:00","Time In Deep Sleep","7.83333333333333"
"2017-08-07 13:12:00","Time Awake","0.0833333333333333"
"2017-08-07 13:12:00","Number Times Woken","0"
"2017-08-08 12:16:00","Number Times Woken","2"
"2017-08-08 12:16:00","Sleep Hours","8.63"
"2017-08-08 12:16:00","Time In Light Sleep","6.31666666666667"
"2017-08-08 12:16:00","Time In Deep Sleep","2.31666666666667"
"2017-08-08 12:16:00","Time Awake","0.183333333333333"
"2017-08-09 12:52:00","Time Awake","0.183333333333333"
"2017-08-09 12:52:00","Time In Deep Sleep","2"
"2017-08-09 12:52:00","Number Times Woken","3"
"2017-08-09 12:52:00","Sleep Hours","8.52"
"2017-08-09 12:52:00","Time In Light Sleep","6.51666666666667"
"2017-08-10 12:09:00","Sleep Hours","7.60"
"2017-08-10 12:09:00","Time In Light Sleep","5.31666666666667"
"2017-08-10 12:09:00","Time Awake","0.0833333333333333"
"2017-08-10 12:09:00","Time In Deep Sleep","2.28333333333333"
"2017-08-10 12:09:00","Number Times Woken","2"
"2017-08-11 13:49:00","Number Times Woken","0"
"2017-08-11 13:49:00","Time In Light Sleep","5.66666666666667"
"2017-08-11 13:49:00","Sleep Hours","8.12"
"2017-08-11 13:49:00","Time In Deep Sleep","2.45"
"2017-08-11 13:49:00","Time Awake","0.116666666666667"
"2017-08-12 13:52:00","Time Awake","0.7"
"2017-08-12 13:52:00","Time In Deep Sleep","1.03333333333333"
"2017-08-12 13:52:00","Number Times Woken","6"
"2017-08-12 13:52:00","Time In Light Sleep","8.41666666666667"
"2017-08-12 13:52:00","Sleep Hours","9.45"
"2017-08-13 13:04:00","Time In Light Sleep","5.8"
"2017-08-13 13:04:00","Sleep Hours","7.98"
"2017-08-13 13:04:00","Time In Deep Sleep","2.18333333333333"
"2017-08-13 13:04:00","Number Times Woken","0"
"2017-08-14 13:15:00","Number Times Woken","2"
"2017-08-14 13:15:00","Sleep Hours","7.47"
"2017-08-14 13:15:00","Time In Light Sleep","6.08333333333333"
"2017-08-14 13:15:00","Time Awake","0.133333333333333"
"2017-08-14 13:15:00","Time In Deep Sleep","1.38333333333333"
"2017-08-15 12:56:00","Time In Deep Sleep","8.31666666666667"
"2017-08-15 12:56:00","Number Times Woken","0"
"2017-08-15 12:56:00","Sleep Hours","8.53"
"2017-08-15 12:56:00","Time In Light Sleep","0.216666666666667"
"2017-08-16 13:07:00","Time In Light Sleep","0.133333333333333"
"2017-08-16 13:07:00","Sleep Hours","9.40"
"2017-08-16 13:07:00","Time Awake","0.0833333333333333"
"2017-08-16 13:07:00","Time In Deep Sleep","9.26666666666667"
"2017-08-16 13:07:00","Number Times Woken","0"
"2017-08-17 13:12:00","Number Times Woken","3"
"2017-08-17 13:12:00","Time In Light Sleep","6.08333333333333"
"2017-08-17 13:12:00","Sleep Hours","8.50"
"2017-08-17 13:12:00","Time In Deep Sleep","2.41666666666667"
"2017-08-17 13:12:00","Time Awake","0.133333333333333"
"2017-08-18 12:51:00","Time Awake","0.133333333333333"
"2017-08-18 12:51:00","Time In Deep Sleep","2.6"
"2017-08-18 12:51:00","Number Times Woken","0"
"2017-08-18 12:51:00","Sleep Hours","7.27"
"2017-08-18 12:51:00","Time In Light Sleep","4.66666666666667"
"2017-08-19 00:00:00","Weight Pounds","182.00"
"2017-08-20 13:41:00","Time Awake","0.25"
"2017-08-20 13:41:00","Time In Deep Sleep","2.36666666666667"
"2017-08-20 13:41:00","Sleep Hours","8.02"
"2017-08-20 13:41:00","Time In Light Sleep","5.65"
"2017-08-20 13:41:00","Number Times Woken","4"
"2017-08-21 13:46:00","Number Times Woken","0"
"2017-08-21 13:46:00","Time Awake","0.0833333333333333"
"2017-08-21 13:46:00","Time In Deep Sleep","1.98333333333333"
"2017-08-21 13:46:00","Sleep Hours","8.20"
"2017-08-21 13:46:00","Time In Light Sleep","6.21666666666667"
"2017-08-22 12:48:00","Time In Light Sleep","6.26666666666667"
"2017-08-22 12:48:00","Sleep Hours","7.92"
"2017-08-22 12:48:00","Number Times Woken","3"
"2017-08-22 12:48:00","Time Awake","0.316666666666667"
"2017-08-22 12:48:00","Time In Deep Sleep","1.65"
"2017-08-23 13:40:00","Time Awake","0.133333333333333"
"2017-08-23 13:40:00","Time In Deep Sleep","2.85"
"2017-08-23 13:40:00","Time In Light Sleep","6.13333333333333"
"2017-08-23 13:40:00","Sleep Hours","8.98"
"2017-08-23 13:40:00","Number Times Woken","0"
"2017-08-24 13:31:00","Number Times Woken","0"
"2017-08-24 13:31:00","Time Awake","0.1"
"2017-08-24 13:31:00","Time In Deep Sleep","3.81666666666667"
"2017-08-24 13:31:00","Sleep Hours","6.75"
"2017-08-24 13:31:00","Time In Light Sleep","2.93333333333333"
"2017-08-25 13:02:00","Sleep Hours","7.70"
"2017-08-25 13:02:00","Time In Light Sleep","5.63333333333333"
"2017-08-25 13:02:00","Number Times Woken","1"
"2017-08-25 13:02:00","Time In Deep Sleep","2.06666666666667"
"2017-08-25 13:02:00","Time Awake","0.0666666666666667"
"2017-08-26 12:48:00","Time Awake","0.416666666666667"
"2017-08-26 12:48:00","Time In Deep Sleep","2.13333333333333"
"2017-08-26 12:48:00","Sleep Hours","6.97"
"2017-08-26 12:48:00","Time In Light Sleep","4.83333333333333"
"2017-08-26 12:48:00","Number Times Woken","4"
"2017-08-27 14:03:00","Number Times Woken","1"
"2017-08-27 14:03:00","Time In Deep Sleep","1.11666666666667"
"2017-08-27 14:03:00","Time Awake","0.15"
"2017-08-27 14:03:00","Time In Light Sleep","6.38333333333333"
"2017-08-27 14:03:00","Sleep Hours","7.50"
"2017-08-28 13:46:00","Time In Light Sleep","6.93333333333333"
"2017-08-28 13:46:00","Time Awake","0.0166666666666667"
"2017-08-28 13:46:00","Sleep Hours","8.78"
"2017-08-28 13:46:00","Number Times Woken","0"
"2017-08-28 13:46:00","Time In Deep Sleep","1.85"
"2017-08-29 14:43:00","Time In Deep Sleep","10.0833333333333"
"2017-08-29 14:43:00","Time Awake","0.0833333333333333"
"2017-08-29 14:43:00","Sleep Hours","10.57"
"2017-08-29 14:43:00","Time In Light Sleep","0.483333333333333"
"2017-08-29 14:43:00","Number Times Woken","0"
"2017-08-30 12:42:00","Number Times Woken","3"
"2017-08-30 12:42:00","Time In Deep Sleep","2.23333333333333"
"2017-08-30 12:42:00","Time Awake","0.133333333333333"
"2017-08-30 12:42:00","Sleep Hours","8.28"
"2017-08-30 12:42:00","Time In Light Sleep","6.05"
"2017-08-31 13:27:00","Time Awake","0.183333333333333"
"2017-08-31 13:27:00","Time In Light Sleep","6.46666666666667"
"2017-08-31 13:27:00","Sleep Hours","8.50"
"2017-08-31 13:27:00","Number Times Woken","3"
"2017-08-31 13:27:00","Time In Deep Sleep","2.03333333333333"
"2017-09-01 14:04:00","Time In Deep Sleep","2.35"
"2017-09-01 14:04:00","Sleep Hours","8.43"
"2017-09-01 14:04:00","Time In Light Sleep","6.08333333333333"
"2017-09-01 14:04:00","Number Times Woken","0"
"2017-09-02 13:58:00","Number Times Woken","7"
"2017-09-02 13:58:00","Time In Deep Sleep","3.13333333333333"
"2017-09-02 13:58:00","Time Awake","0.366666666666667"
"2017-09-02 13:58:00","Sleep Hours","9.62"
"2017-09-02 13:58:00","Time In Light Sleep","6.48333333333333"
"2017-09-02 19:12:00","HRV","7.9"
"2017-09-02 19:12:00","Pulse","56"
"2017-09-03 08:09:00","Pulse","47"
"2017-09-03 08:09:00","HRV","10.3"
"2017-09-03 14:16:00","Sleep Hours","9.60"
"2017-09-03 14:16:00","Time In Light Sleep","7.2"
"2017-09-03 14:16:00","Time Awake","0.233333333333333"
"2017-09-03 14:16:00","Number Times Woken","3"
"2017-09-03 14:16:00","Time In Deep Sleep","2.4"
"2017-09-04 13:47:00","Time In Deep Sleep","1.95"
"2017-09-04 13:47:00","Time Awake","0.0833333333333333"
"2017-09-04 13:47:00","Time In Light Sleep","7.41666666666667"
"2017-09-04 13:47:00","Sleep Hours","9.37"
"2017-09-04 13:47:00","Number Times Woken","0"
"2017-09-05 13:36:00","Number Times Woken","3"
"2017-09-05 13:36:00","Time In Deep Sleep","1.76666666666667"
"2017-09-05 13:36:00","Sleep Hours","8.53"
"2017-09-05 13:36:00","Time Awake","0.233333333333333"
"2017-09-05 13:36:00","Time In Light Sleep","6.76666666666667"
"2017-09-06 13:01:00","Sleep Hours","9.43"
"2017-09-06 13:01:00","Time In Light Sleep","7.45"
"2017-09-06 13:01:00","Time Awake","0.25"
"2017-09-06 13:01:00","Number Times Woken","4"
"2017-09-06 13:01:00","Time In Deep Sleep","1.98333333333333"
"2017-09-07 13:28:00","Time In Deep Sleep","10.0833333333333"
"2017-09-07 13:28:00","Time Awake","0.0833333333333333"
"2017-09-07 13:28:00","Sleep Hours","10.55"
"2017-09-07 13:28:00","Time In Light Sleep","0.466666666666667"
"2017-09-07 13:28:00","Number Times Woken","0"
"2017-09-08 12:47:00","Number Times Woken","0"
"2017-09-08 12:47:00","Time In Deep Sleep","2.05"
"2017-09-08 12:47:00","Sleep Hours","7.45"
"2017-09-08 12:47:00","Time In Light Sleep","5.4"
"2017-09-09 16:03:00","Time Awake","0.2"
"2017-09-09 16:03:00","Time In Light Sleep","2.91666666666667"
"2017-09-09 16:03:00","Sleep Hours","7.38"
"2017-09-09 16:03:00","Number Times Woken","2"
"2017-09-09 16:03:00","Time In Deep Sleep","4.46666666666667"
"2017-09-10 15:18:00","Time In Deep Sleep","5.16666666666667"
"2017-09-10 15:18:00","Sleep Hours","7.58"
"2017-09-10 15:18:00","Time In Light Sleep","2.41666666666667"
"2017-09-10 15:18:00","Number Times Woken","0"
"2017-09-11 15:32:00","Number Times Woken","2"
"2017-09-11 15:32:00","Time In Deep Sleep","4.01666666666667"
"2017-09-11 15:32:00","Time In Light Sleep","4.68333333333333"
"2017-09-11 15:32:00","Sleep Hours","8.70"
"2017-09-11 15:32:00","Time Awake","0.15"
"2017-09-12 13:59:00","Time In Light Sleep","5.18333333333333"
"2017-09-12 13:59:00","Sleep Hours","7.17"
"2017-09-12 13:59:00","Number Times Woken","0"
"2017-09-12 13:59:00","Time In Deep Sleep","1.98333333333333"
"2017-09-13 14:22:00","Time In Deep Sleep","11.7333333333333"
"2017-09-13 14:22:00","Time In Light Sleep","0.133333333333333"
"2017-09-13 14:22:00","Time Awake","0.0833333333333333"
"2017-09-13 14:22:00","Sleep Hours","11.87"
"2017-09-13 14:22:00","Number Times Woken","0"
"2017-09-14 13:30:00","Number Times Woken","0"
"2017-09-14 13:30:00","Time In Deep Sleep","9.31666666666667"
"2017-09-14 13:30:00","Time Awake","0.0833333333333333"
"2017-09-14 13:30:00","Time In Light Sleep","0.133333333333333"
"2017-09-14 13:30:00","Sleep Hours","9.45"
"2017-09-15 13:36:00","Time In Light Sleep","5.45"
"2017-09-15 13:36:00","Sleep Hours","7.98"
"2017-09-15 13:36:00","Time Awake","0.0833333333333333"
"2017-09-15 13:36:00","Number Times Woken","0"
"2017-09-15 13:36:00","Time In Deep Sleep","2.53333333333333"
"2017-09-16 14:03:00","Time In Deep Sleep","2.73333333333333"
"2017-09-16 14:03:00","Time In Light Sleep","5.13333333333333"
"2017-09-16 14:03:00","Sleep Hours","7.87"
"2017-09-16 14:03:00","Time Awake","0.15"
"2017-09-16 14:03:00","Number Times Woken","2"
"2017-09-17 06:07:00","Number Times Woken","6"
"2017-09-17 06:07:00","Time Awake","1.03333333333333"
"2017-09-17 06:07:00","Sleep Hours","3.52"
"2017-09-17 06:07:00","Time In Light Sleep","3.51666666666667"
"2017-09-18 07:32:00","Sleep Hours","11.35"
"2017-09-18 07:32:00","Time Awake","0.116666666666667"
"2017-09-18 07:32:00","Time In Light Sleep","5.8"
"2017-09-18 07:32:00","Time In Deep Sleep","5.55"
"2017-09-18 07:32:00","Number Times Woken","1"
"2017-09-19 04:10:00","Number Times Woken","1"
"2017-09-19 04:10:00","Sleep Hours","6.72"
"2017-09-19 04:10:00","Time In Light Sleep","4.65"
"2017-09-19 04:10:00","Time Awake","0.05"
"2017-09-19 04:10:00","Time In Deep Sleep","2.06666666666667"
"2017-09-20 06:58:00","Time In Deep Sleep","3.56666666666667"
"2017-09-20 06:58:00","Number Times Woken","2"
"2017-09-20 06:58:00","Time Awake","0.383333333333333"
"2017-09-20 06:58:00","Time In Light Sleep","6.46666666666667"
"2017-09-20 06:58:00","Sleep Hours","10.03"
"2017-09-21 05:22:00","Sleep Hours","6.80"
"2017-09-21 05:22:00","Time Awake","0.0833333333333333"
"2017-09-21 05:22:00","Time In Light Sleep","6.05"
"2017-09-21 05:22:00","Time In Deep Sleep","0.75"
"2017-09-21 05:22:00","Number Times Woken","1"
"2017-09-22 06:35:00","Number Times Woken","3"
"2017-09-22 06:35:00","Sleep Hours","8.50"
"2017-09-22 06:35:00","Time Awake","0.233333333333333"
"2017-09-22 06:35:00","Time In Light Sleep","6.45"
"2017-09-22 06:35:00","Time In Deep Sleep","2.05"
"2017-09-22 08:33:00","Pulse","83"
"2017-09-22 08:33:00","HRV","7.5"
"2017-09-23 06:32:00","Time Awake","0.0833333333333333"
"2017-09-23 06:32:00","Sleep Hours","9.57"
"2017-09-23 06:32:00","Time In Light Sleep","0.883333333333333"
"2017-09-23 06:32:00","Number Times Woken","1"
"2017-09-23 06:32:00","Time In Deep Sleep","8.68333333333333"
"2017-09-24 09:44:00","Time In Deep Sleep","7.38333333333333"
"2017-09-24 09:44:00","Sleep Hours","10.47"
"2017-09-24 09:44:00","Time Awake","0.2"
"2017-09-24 09:44:00","Time In Light Sleep","3.08333333333333"
"2017-09-24 09:44:00","Number Times Woken","3"
"2017-10-01 15:11:04","Weight Pounds","183.00"
"2017-10-04 11:01:00","Time In Deep Sleep","1.65"
"2017-10-04 11:01:00","Number Times Woken","2"
"2017-10-04 11:01:00","Time In Light Sleep","5.96666666666667"
"2017-10-04 11:01:00","Sleep Hours","7.62"
"2017-10-04 11:01:00","Time Awake","0.25"
"2017-10-06 11:40:00","Sleep Hours","8.20"
"2017-10-06 11:40:00","Time Awake","0.0833333333333333"
"2017-10-06 11:40:00","Time In Light Sleep","6.33333333333333"
"2017-10-06 11:40:00","Time In Deep Sleep","1.86666666666667"
"2017-10-06 11:40:00","Number Times Woken","1"
"2017-10-07 12:01:00","Number Times Woken","2"
"2017-10-07 12:01:00","Sleep Hours","9.47"
"2017-10-07 12:01:00","Time In Light Sleep","6.98333333333333"
"2017-10-07 12:01:00","Time Awake","0.4"
"2017-10-07 12:01:00","Time In Deep Sleep","2.48333333333333"
"2017-10-09 09:23:12","Weight Pounds","182.30"
"2017-10-15 08:33:00","Pulse","54"
"2017-10-15 08:33:00","HRV","9.4"
"2017-10-15 08:33:00","Weight Pounds","182.50"
"2017-10-16 07:50:00","Weight Pounds","183.20"
"2017-10-16 07:50:00","HRV","8.8"
"2017-10-16 07:50:00","Pulse","52"
"2017-10-17 07:55:00","Pulse","47"
"2017-10-17 07:55:00","HRV","9.1"
"2017-10-18 06:16:00","HRV","9.4"
"2017-10-18 06:16:00","Pulse","52"
"2017-10-18 11:59:00","Time In Deep Sleep","9.76666666666667"
"2017-10-18 11:59:00","Number Times Woken","0"
"2017-10-18 11:59:00","Sleep Hours","9.77"
"2017-10-19 07:07:00","HRV","10.1"
"2017-10-19 07:07:00","Pulse","58"
"2017-10-20 07:02:00","Pulse","51"
"2017-10-20 07:02:00","HRV","9.8"
"2017-10-21 08:00:00","HRV","9.5"
"2017-10-21 08:00:00","Pulse","58"
"2017-10-22 07:59:00","Pulse","61"
"2017-10-22 07:59:00","HRV","7.9"
"2017-10-23 07:08:00","HRV","9"
"2017-10-23 07:08:00","Pulse","58"
"2017-10-24 06:22:00","Pulse","46"
"2017-10-24 06:22:00","HRV","10.5"
"2017-10-25 07:34:00","HRV","8.7"
"2017-10-25 07:34:00","Pulse","50"
"2017-10-26 07:53:00","Pulse","56"
"2017-10-26 07:53:00","HRV","8"
"2017-10-27 07:51:00","HRV","8.8"
"2017-10-27 07:51:00","Pulse","53"
"2017-10-28 08:18:00","Pulse","59"
"2017-10-28 08:18:00","HRV","8.2"
"2017-10-29 07:36:00","HRV","8.9"
"2017-10-29 07:36:00","Pulse","56"
"2017-10-30 07:35:00","Pulse","51"
"2017-10-30 07:35:00","HRV","9.3"
"2017-10-30 07:45:00","Weight Pounds","184.60"
"2017-10-31 06:24:00","Weight Pounds","185.72"
"2017-10-31 06:24:00","Percent Fat","15.40"
"2017-10-31 06:29:00","Pulse","43"
"2017-10-31 06:29:00","HRV","9.6"
"2017-11-01 06:17:00","Weight Pounds","184.20"
"2017-11-01 06:17:00","Percent Fat","15.85"
"2017-11-01 06:22:00","Pulse","44"
"2017-11-01 06:22:00","HRV","10"
"2017-11-02 07:45:00","Weight Pounds","182.70"
"2017-11-02 07:45:00","Percent Fat","15.64"
"2017-11-02 07:50:00","Pulse","53"
"2017-11-02 07:50:00","HRV","10.2"
"2017-11-04 09:58:00","Weight Pounds","182.69"
"2017-11-04 13:17:00","Weight Pounds","183.08"
"2017-11-04 13:17:00","Percent Fat","15.93"
"2017-11-05 06:45:00","Percent Fat","14.45"
"2017-11-05 06:45:00","Weight Pounds","180.85"
"2017-11-05 12:45:00","Weight Pounds","183.09"
"2017-11-05 12:45:00","Percent Fat","18.84"
"2017-11-06 07:51:00","Percent Fat","15.05"
"2017-11-06 07:51:00","Weight Pounds","184.28"
"2017-11-07 07:30:00","Weight Pounds","184.03"
"2017-11-07 07:30:00","Percent Fat","15.56"
"2017-11-07 07:36:00","Pulse","48"
"2017-11-07 07:36:00","HRV","9.2"
"2017-11-08 07:12:00","HRV","9.7"
"2017-11-08 07:12:00","Pulse","50"
"2017-11-09 06:40:00","Percent Fat","15.75"
"2017-11-09 06:40:00","Weight Pounds","184.16"
"2017-11-09 06:49:00","HRV","9.6"
"2017-11-09 06:49:00","Pulse","47"
"2017-11-10 16:13:00","Time In Deep Sleep","4.7"
"2017-11-10 16:13:00","Sleep Hours","6.48"
"2017-11-10 16:13:00","Time In Light Sleep","1.78333333333333"
"2017-11-10 16:13:00","Time Awake","0.0833333333333333"
"2017-11-10 16:13:00","Number Times Woken","0"
"2017-11-11 08:36:00","Percent Fat","16.35"
"2017-11-11 08:36:00","Weight Pounds","184.43"
"2017-11-11 08:42:00","HRV","9.2"
"2017-11-11 08:42:00","Pulse","51"
"2017-11-11 13:26:00","Percent Fat","17.72"
"2017-11-11 13:26:00","Weight Pounds","183.21"
"2017-11-13 07:41:00","HRV","9.2"
"2017-11-13 07:41:00","Pulse","50"
"2017-11-15 07:27:00","Weight Pounds","181.20"
"2017-11-17 08:49:00","Weight Pounds","182.81"
"2017-11-18 16:32:00","Weight Pounds","183.00"
"2017-11-18 16:32:00","Percent Fat","18.05"
"2017-11-19 05:01:00","Percent Fat","15.13"
"2017-11-19 05:01:00","Weight Pounds","183.35"
"2017-11-20 00:00:00","Weight Pounds","183.00"
"2017-11-21 00:00:00","Weight Pounds","184.50"
"2017-11-27 00:00:00","Weight Pounds","186.50"
"2017-11-28 07:16:00","Percent Fat","15.71"
"2017-11-28 07:16:00","Weight Pounds","186.13"
"2017-11-28 18:04:00","Weight Pounds","185.50"
"2017-11-28 18:04:00","Percent Fat","16.78"
"2017-11-29 17:40:00","Percent Fat","8.81"
"2017-11-29 17:40:00","Weight Pounds","185.76"
"2017-11-30 06:16:00","Weight Pounds","184.17"
"2017-11-30 06:16:00","Percent Fat","9.52"
"2017-11-30 09:37:00","Percent Fat","12.38"
"2017-11-30 09:37:00","Weight Pounds","182.37"
"2017-12-01 06:09:00","Weight Pounds","184.59"
"2017-12-01 06:09:00","Percent Fat","9.16"
"2017-12-02 16:42:00","Percent Fat","10.96"
"2017-12-02 16:42:00","Weight Pounds","181.27"
"2017-12-03 14:36:00","Weight Pounds","182.86"
"2017-12-03 14:36:00","Percent Fat","10.05"
"2017-12-04 07:34:00","Percent Fat","8.54"
"2017-12-04 07:34:00","Weight Pounds","183.20"
"2017-12-05 06:14:00","Weight Pounds","184.06"
"2017-12-05 06:14:00","Percent Fat","8.68"
"2017-12-06 06:14:00","Percent Fat","9.01"
"2017-12-06 06:14:00","Weight Pounds","183.94"
"2017-12-07 06:06:00","Weight Pounds","182.67"
"2017-12-07 06:06:00","Percent Fat","8.47"
"2017-12-08 06:05:00","Percent Fat","8.80"
"2017-12-08 06:05:00","Weight Pounds","181.06"
"2017-12-09 10:21:00","Weight Pounds","178.44"
"2017-12-09 10:21:00","Percent Fat","8.10"
"2017-12-09 16:18:00","Percent Fat","9.63"
"2017-12-09 16:18:00","Weight Pounds","181.04"
"2017-12-10 07:20:00","Weight Pounds","181.11"
"2017-12-10 07:20:00","Percent Fat","8.03"
"2017-12-10 17:07:00","Percent Fat","10.54"
"2017-12-10 17:07:00","Weight Pounds","181.95"
"2017-12-11 07:31:00","HRV","8.7"
"2017-12-11 07:31:00","Pulse","55"
"2017-12-11 08:01:00","Weight Pounds","182.25"
"2017-12-11 08:01:00","Percent Fat","8.38"
"2017-12-12 06:09:00","Pulse","45"
"2017-12-12 06:09:00","HRV","9.8"
"2017-12-12 06:21:00","Weight Pounds","183.17"
"2017-12-12 06:21:00","Percent Fat","8.39"
"2017-12-13 07:32:00","Pulse","59"
"2017-12-13 07:32:00","HRV","7.9"
"2017-12-13 07:40:00","Weight Pounds","181.12"
"2017-12-13 07:40:00","Percent Fat","7.49"
"2017-12-14 06:16:00","Pulse","51"
"2017-12-14 06:16:00","HRV","8.8"
"2017-12-14 06:39:00","Percent Fat","7.89"
"2017-12-14 06:39:00","Weight Pounds","182.50"
"2017-12-15 07:58:00","Number Times Woken","6"
"2017-12-15 07:58:00","Time In Light Sleep","2.53333333333333"
"2017-12-15 07:58:00","Sleep Hours","2.53"
"2017-12-15 07:58:00","Time Awake","0.8"
"2017-12-15 08:21:00","Weight Pounds","180.29"
"2017-12-15 08:21:00","Percent Fat","7.46"
"2017-12-16 09:57:00","Pulse","66"
"2017-12-16 09:57:00","HRV","9.7"
"2017-12-16 10:04:00","Percent Fat","7.89"
"2017-12-16 10:04:00","Weight Pounds","179.42"
"2017-12-16 16:11:00","Percent Fat","12.00"
"2017-12-16 16:11:00","Weight Pounds","179.81"
"2017-12-17 09:24:00","Percent Fat","7.97"
"2017-12-17 09:24:00","Weight Pounds","179.77"
"2017-12-17 14:37:00","Weight Pounds","178.45"
"2017-12-17 14:37:00","Percent Fat","9.97"
"2017-12-18 06:08:00","Pulse","51"
"2017-12-18 06:08:00","HRV","8.5"
"2017-12-18 06:14:00","Percent Fat","8.45"
"2017-12-18 06:14:00","Weight Pounds","181.27"
"2017-12-19 07:38:00","Pulse","53"
"2017-12-19 07:38:00","HRV","9.5"
"2017-12-19 07:57:00","Percent Fat","7.37"
"2017-12-19 07:57:00","Weight Pounds","180.34"
"2017-12-20 06:36:00","Pulse","56"
"2017-12-20 06:36:00","HRV","9"
"2017-12-20 06:54:00","Weight Pounds","178.57"
"2017-12-20 06:54:00","Percent Fat","7.99"
"2017-12-20 16:17:00","Percent Fat","9.13"
"2017-12-20 16:17:00","Weight Pounds","177.94"
"2017-12-21 07:38:00","Pulse","56"
"2017-12-21 07:38:00","HRV","8.2"
"2017-12-21 07:58:00","Percent Fat","7.76"
"2017-12-21 07:58:00","Weight Pounds","179.06"
"2017-12-22 07:16:00","Pulse","53"
"2017-12-22 07:16:00","HRV","8.8"
"2017-12-22 07:24:00","Weight Pounds","179.63"
"2017-12-22 07:24:00","Percent Fat","6.97"
"2017-12-22 12:19:00","Weight Pounds","179.90"
"2017-12-22 12:19:00","Percent Fat","8.10"
"2017-12-23 02:43:00","Percent Fat","7.40"
"2017-12-23 02:43:00","Weight Pounds","178.12"
"2017-12-24 08:51:00","Percent Fat","7.48"
"2017-12-24 08:51:00","Weight Pounds","177.18"
"2017-12-24 09:23:00","Pulse","61"
"2017-12-24 09:23:00","HRV","9"
"2017-12-25 07:34:00","Percent Fat","6.87"
"2017-12-25 07:34:00","Weight Pounds","178.07"
"2017-12-25 08:20:00","Pulse","60"
"2017-12-25 08:20:00","HRV","8.4"
"2017-12-25 10:17:00","Percent Fat","9.41"
"2017-12-25 10:17:00","Weight Pounds","178.09"
"2017-12-26 09:20:00","Weight Pounds","177.31"
"2017-12-26 09:20:00","Percent Fat","7.85"
"2017-12-26 09:49:00","Pulse","54"
"2017-12-26 09:49:00","HRV","8.9"
"2017-12-26 14:40:00","Percent Fat","9.97"
"2017-12-26 14:40:00","Weight Pounds","176.89"
"2017-12-27 06:17:00","Percent Fat","8.17"
"2017-12-27 06:17:00","Weight Pounds","176.48"
"2017-12-27 07:12:00","Pulse","47"
"2017-12-27 07:12:00","HRV","9.4"
"2017-12-27 15:20:00","Weight Pounds","177.80"
"2017-12-27 15:20:00","Percent Fat","9.44"
"2017-12-28 07:33:00","Weight Pounds","177.25"
"2017-12-28 07:33:00","Percent Fat","7.35"
"2017-12-28 08:15:00","Pulse","48"
"2017-12-28 08:15:00","HRV","9.8"
"2017-12-28 15:53:00","Percent Fat","8.85"
"2017-12-28 15:53:00","Weight Pounds","177.56"
"2017-12-29 06:45:00","Weight Pounds","178.74"
"2017-12-29 06:45:00","Percent Fat","7.02"
"2017-12-29 07:49:00","Pulse","59"
"2017-12-29 07:49:00","HRV","8.8"
"2017-12-29 16:51:00","Weight Pounds","176.45"
"2017-12-29 16:51:00","Percent Fat","8.02"
"2017-12-30 05:45:00","Weight Pounds","177.81"
"2017-12-30 05:45:00","Percent Fat","6.67"
"2018-01-01 10:05:00","Weight Pounds","180.32"
"2018-01-01 14:44:00","Weight Pounds","176.91"
"2018-01-01 14:44:00","Percent Fat","9.60"
"2018-01-02 06:45:00","Pulse","54"
"2018-01-02 06:45:00","HRV","9.5"
"2018-01-02 07:19:00","Percent Fat","7.58"
"2018-01-02 07:19:00","Weight Pounds","178.24"
"2018-01-03 08:12:00","Pulse","50"
"2018-01-03 08:12:00","HRV","9.2"
"2018-01-03 08:25:00","Weight Pounds","177.81"
"2018-01-03 08:25:00","Percent Fat","7.39"
"2018-01-03 15:58:00","Weight Pounds","177.05"
"2018-01-03 15:58:00","Percent Fat","9.82"
"2018-01-04 06:40:00","Pulse","52"
"2018-01-04 06:40:00","HRV","9.7"
"2018-01-04 06:49:00","Percent Fat","8.23"
"2018-01-04 06:49:00","Weight Pounds","176.75"
"2018-01-04 17:56:00","Percent Fat","9.40"
"2018-01-04 17:56:00","Weight Pounds","176.69"
"2018-01-05 06:25:00","Pulse","56"
"2018-01-05 06:25:00","HRV","9.3"
"2018-01-05 06:58:00","Weight Pounds","177.08"
"2018-01-06 07:58:00","Percent Fat","6.44"
"2018-01-06 07:58:00","Weight Pounds","178.48"
"2018-01-06 17:10:00","Percent Fat","9.01"
"2018-01-06 17:10:00","Weight Pounds","175.86"
"2018-01-07 08:14:00","Pulse","60"
"2018-01-07 08:14:00","HRV","7.4"
"2018-01-07 08:22:00","Weight Pounds","177.95"
"2018-01-07 08:22:00","Percent Fat","7.79"
"2018-01-07 16:35:00","Percent Fat","9.39"
"2018-01-07 16:35:00","Weight Pounds","175.68"
"2018-01-08 07:06:00","Pulse","55"
"2018-01-08 07:06:00","HRV","8.8"
"2018-01-08 07:30:00","Weight Pounds","177.62"
"2018-01-08 07:30:00","Percent Fat","7.25"
